Workbook
Name MinWageTable: 'Min Wages (WB Zone A)'!$B$6:$C$9
Name SkillMap: 'Skill Mapping'!$B$4:$C$9

Sheet Compliance Summary
A1: COMPLIANCE SUMMARY — Trans Concrete Pvt Ltd, Rajarhat
B4: Headcount & Basic-Wage Compliance
B5: Total Employees | C5: =COUNTA('Salary Sheet - WB Compliant'!E7:E57) -> 51
B6: Employees whose Basic was below Minimum Wage / 50%-rule (now raised) | C6: =COUNTIF('Salary Sheet - WB Compliant'!P7:P57,">0") -> 35
B7: Employees whose total monthly Gross had to increase | C7: =COUNTIF('Salary Sheet - WB Compliant'!V7:V57,"YES") -> 2
B9: Monthly Cost Impact
B10: Total Original Monthly Gross (all employees) | C10: =SUM('Salary Sheet - WB Compliant'!M7:M57) -> 928275
B11: Total Revised Monthly Gross (all employees) | C11: =SUM('Salary Sheet - WB Compliant'!U7:U57) -> 929729
B12: Net Additional Monthly Cost (Gross only) | C12: =C11-C10 -> 1454
B13: Net Additional ANNUAL Cost (Gross only) | C13: =C12*12 -> 17448
B14: Total Employer PF + ESI Contribution (Monthly) | C14: =SUM('Salary Sheet - WB Compliant'!AA7:AA57)+SUM('Salary Sheet - WB Compliant'!AD7:AD57) -> 88563
B15: Total Monthly Cost to Company (Gross + Employer PF + ESI) | C15: =SUM('Salary Sheet - WB Compliant'!AF7:AF57) -> 1018292
B17: Statutory Deductions (Monthly)
B18: Total Employee PF Deduction | C18: =SUM('Salary Sheet - WB Compliant'!Z7:Z57) -> 64496
B19: Total Employee ESI Deduction | C19: =SUM('Salary Sheet - WB Compliant'!AC7:AC57) -> 5561
B20: Employees Covered under PF | C20: =COUNTIF('Salary Sheet - WB Compliant'!X7:X57,"Y") -> 39
B21: Employees Covered under ESI | C21: =COUNTIF('Salary Sheet - WB Compliant'!AB7:AB57,"Y") -> 44
B23: Legal Basis Used (verify with your labour consultant)
B24: 1. Minimum Wages: WB Zone A rates from your 'Min Wages' sheet — Basic is floored at the mapped skill level's rate.
B25: 2. 'Wages' definition (Code on Wages 2019, in force since 21-Nov-2025): Basic+DA must be ≥ 50% of total remuneration;
B26: the excess of excluded allowances (HRA, Food, etc.) over 50% is added back as 'wages' for PF/gratuity — implemented
B27: here by flooring Basic at 50% of Gross.
B28: 3. EPF wage ceiling for MANDATORY coverage remains ₹15,000/month (EPF Scheme 2026) — this sheet follows the plant's
B29: existing practice of contributing PF on full/actual Basic (not capped), except employees flagged 'N' (pre-existing
B30: PF-excluded joinees) — review this list with your PF consultant.
B31: 4. ESI wage ceiling remains ₹21,000/month gross — unchanged. ESI rates: Employee 0.75%, Employer 3.25% of gross wages.
B32: 5. West Bengal STATE rules under the 4 Labour Codes were NOT YET notified as of Aug 2026 (Central Codes/rules apply);
B33: confirm current status before finalising, as WB rules may be notified and could add further requirements.
B35: DISCLAIMER: This is a calculation tool, not legal advice. Skill-level mapping, minimum-wage rates, and the PF-exclusion list are assumptions that must be verified against current gazette notifications and your specific facts by a qualified labour-law consultant / CA before running live payroll.

Sheet PF Capping Comparison
A1: PF CAPPING COMPARISON — Old Sheet vs New (Uncapped) vs New (Capped at ₹15,000 ceiling)
A3: PF amounts shown are PER SIDE (Employee deduction = Employer contribution, both at 12% of the same wage base in this model). 'Capped' means PF is calculated only on the first ₹15,000 of Basic — the statutory MANDATORY minimum — instead of full/actual Basic. This is a legally valid option; contributing on full Basic (uncapped) is this employer's own past practice, not a legal requirement above ₹15,000.
A6: SL NO | B6: NAME | C6: CATEGORY | D6: PF Applic. | E6: Old Basic | F6: Old PF (per side) | G6: New Basic (Uncapped) | H6: New PF Uncapped (per side) | I6: New Basic Capped @15K | J6: New PF Capped (per side) | K6: Savings if Capped vs Uncapped (per side) | L6: Extra vs OLD if Uncapped (per side) | M6: Extra vs OLD if Capped (per side)
A7: ='Salary Sheet - WB Compliant'!A7 -> 1 | B7: ='Salary Sheet - WB Compliant'!E7 -> ABED ALI | C7: ='Salary Sheet - WB Compliant'!D7 -> OFFICE STAFF | D7: ='Salary Sheet - WB Compliant'!X7 -> Y | E7: ='Salary Sheet - WB Compliant'!H7 -> 9125 | F7: =IF(D7="Y",ROUND(E7*12%,0),0) -> 1095 | G7: ='Salary Sheet - WB Compliant'!O7 -> 12777 | H7: ='Salary Sheet - WB Compliant'!Z7 -> 1533 | I7: =MIN(G7,15000) -> 12777 | J7: =IF(D7="Y",ROUND(I7*12%,0),0) -> 1533 | K7: =H7-J7 -> 0 | L7: =H7-F7 -> 438 | M7: =J7-F7 -> 438
A8: ='Salary Sheet - WB Compliant'!A8 -> 2 | B8: ='Salary Sheet - WB Compliant'!E8 -> ABHI MUKHERJEE | C8: ='Salary Sheet - WB Compliant'!D8 -> OFFICE STAFF | D8: ='Salary Sheet - WB Compliant'!X8 -> Y | E8: ='Salary Sheet - WB Compliant'!H8 -> 11100 | F8: =IF(D8="Y",ROUND(E8*12%,0),0) -> 1332 | G8: ='Salary Sheet - WB Compliant'!O8 -> 14250 | H8: ='Salary Sheet - WB Compliant'!Z8 -> 1710 | I8: =MIN(G8,15000) -> 14250 | J8: =IF(D8="Y",ROUND(I8*12%,0),0) -> 1710 | K8: =H8-J8 -> 0 | L8: =H8-F8 -> 378 | M8: =J8-F8 -> 378
A9: ='Salary Sheet - WB Compliant'!A9 -> 3 | B9: ='Salary Sheet - WB Compliant'!E9 -> ACHIN GUPTA | C9: ='Salary Sheet - WB Compliant'!D9 -> OFFICE STAFF | D9: ='Salary Sheet - WB Compliant'!X9 -> Y | E9: ='Salary Sheet - WB Compliant'!H9 -> 11700 | F9: =IF(D9="Y",ROUND(E9*12%,0),0) -> 1404 | G9: ='Salary Sheet - WB Compliant'!O9 -> 12777 | H9: ='Salary Sheet - WB Compliant'!Z9 -> 1533 | I9: =MIN(G9,15000) -> 12777 | J9: =IF(D9="Y",ROUND(I9*12%,0),0) -> 1533 | K9: =H9-J9 -> 0 | L9: =H9-F9 -> 129 | M9: =J9-F9 -> 129
A10: ='Salary Sheet - WB Compliant'!A10 -> 4 | B10: ='Salary Sheet - WB Compliant'!E10 -> AMIN YADAV (BADRI) | C10: ='Salary Sheet - WB Compliant'!D10 -> OFFICE STAFF | D10: ='Salary Sheet - WB Compliant'!X10 -> Y | E10: ='Salary Sheet - WB Compliant'!H10 -> 8200 | F10: =IF(D10="Y",ROUND(E10*12%,0),0) -> 984 | G10: ='Salary Sheet - WB Compliant'!O10 -> 12777 | H10: ='Salary Sheet - WB Compliant'!Z10 -> 1533 | I10: =MIN(G10,15000) -> 12777 | J10: =IF(D10="Y",ROUND(I10*12%,0),0) -> 1533 | K10: =H10-J10 -> 0 | L10: =H10-F10 -> 549 | M10: =J10-F10 -> 549
A11: ='Salary Sheet - WB Compliant'!A11 -> 5 | B11: ='Salary Sheet - WB Compliant'!E11 -> ANOWAR MOLLA | C11: ='Salary Sheet - WB Compliant'!D11 -> OFFICE STAFF | D11: ='Salary Sheet - WB Compliant'!X11 -> Y | E11: ='Salary Sheet - WB Compliant'!H11 -> 7100 | F11: =IF(D11="Y",ROUND(E11*12%,0),0) -> 852 | G11: ='Salary Sheet - WB Compliant'!O11 -> 12777 | H11: ='Salary Sheet - WB Compliant'!Z11 -> 1533 | I11: =MIN(G11,15000) -> 12777 | J11: =IF(D11="Y",ROUND(I11*12%,0),0) -> 1533 | K11: =H11-J11 -> 0 | L11: =H11-F11 -> 681 | M11: =J11-F11 -> 681
A12: ='Salary Sheet - WB Compliant'!A12 -> 6 | B12: ='Salary Sheet - WB Compliant'!E12 -> DIBAKAR MONDAL | C12: ='Salary Sheet - WB Compliant'!D12 -> OFFICE STAFF | D12: ='Salary Sheet - WB Compliant'!X12 -> Y | E12: ='Salary Sheet - WB Compliant'!H12 -> 8600 | F12: =IF(D12="Y",ROUND(E12*12%,0),0) -> 1032 | G12: ='Salary Sheet - WB Compliant'!O12 -> 12777 | H12: ='Salary Sheet - WB Compliant'!Z12 -> 1533 | I12: =MIN(G12,15000) -> 12777 | J12: =IF(D12="Y",ROUND(I12*12%,0),0) -> 1533 | K12: =H12-J12 -> 0 | L12: =H12-F12 -> 501 | M12: =J12-F12 -> 501
A13: ='Salary Sheet - WB Compliant'!A13 -> 7 | B13: ='Salary Sheet - WB Compliant'!E13 -> GOLAM SARWAR | C13: ='Salary Sheet - WB Compliant'!D13 -> OFFICE STAFF | D13: ='Salary Sheet - WB Compliant'!X13 -> Y | E13: ='Salary Sheet - WB Compliant'!H13 -> 26000 | F13: =IF(D13="Y",ROUND(E13*12%,0),0) -> 3120 | G13: ='Salary Sheet - WB Compliant'!O13 -> 26000 | H13: ='Salary Sheet - WB Compliant'!Z13 -> 3120 | I13: =MIN(G13,15000) -> 15000 | J13: =IF(D13="Y",ROUND(I13*12%,0),0) -> 1800 | K13: =H13-J13 -> 1320 | L13: =H13-F13 -> 0 | M13: =J13-F13 -> -1320
A14: ='Salary Sheet - WB Compliant'!A14 -> 8 | B14: ='Salary Sheet - WB Compliant'!E14 -> IMAN ALI MOLLA | C14: ='Salary Sheet - WB Compliant'!D14 -> OFFICE STAFF | D14: ='Salary Sheet - WB Compliant'!X14 -> Y | E14: ='Salary Sheet - WB Compliant'!H14 -> 8010 | F14: =IF(D14="Y",ROUND(E14*12%,0),0) -> 961 | G14: ='Salary Sheet - WB Compliant'!O14 -> 12777 | H14: ='Salary Sheet - WB Compliant'!Z14 -> 1533 | I14: =MIN(G14,15000) -> 12777 | J14: =IF(D14="Y",ROUND(I14*12%,0),0) -> 1533 | K14: =H14-J14 -> 0 | L14: =H14-F14 -> 572 | M14: =J14-F14 -> 572
A15: ='Salary Sheet - WB Compliant'!A15 -> 9 | B15: ='Salary Sheet - WB Compliant'!E15 -> PULIN MONDAL | C15: ='Salary Sheet - WB Compliant'!D15 -> OFFICE STAFF | D15: ='Salary Sheet - WB Compliant'!X15 -> Y | E15: ='Salary Sheet - WB Compliant'!H15 -> 5200 | F15: =IF(D15="Y",ROUND(E15*12%,0),0) -> 624 | G15: ='Salary Sheet - WB Compliant'!O15 -> 12777 | H15: ='Salary Sheet - WB Compliant'!Z15 -> 1533 | I15: =MIN(G15,15000) -> 12777 | J15: =IF(D15="Y",ROUND(I15*12%,0),0) -> 1533 | K15: =H15-J15 -> 0 | L15: =H15-F15 -> 909 | M15: =J15-F15 -> 909
A16: ='Salary Sheet - WB Compliant'!A16 -> 10 | B16: ='Salary Sheet - WB Compliant'!E16 -> RAJU PAL | C16: ='Salary Sheet - WB Compliant'!D16 -> OFFICE STAFF | D16: ='Salary Sheet - WB Compliant'!X16 -> Y | E16: ='Salary Sheet - WB Compliant'!H16 -> 7700 | F16: =IF(D16="Y",ROUND(E16*12%,0),0) -> 924 | G16: ='Salary Sheet - WB Compliant'!O16 -> 12777 | H16: ='Salary Sheet - WB Compliant'!Z16 -> 1533 | I16: =MIN(G16,15000) -> 12777 | J16: =IF(D16="Y",ROUND(I16*12%,0),0) -> 1533 | K16: =H16-J16 -> 0 | L16: =H16-F16 -> 609 | M16: =J16-F16 -> 609
A17: ='Salary Sheet - WB Compliant'!A17 -> 11 | B17: ='Salary Sheet - WB Compliant'!E17 -> UJJAL MUKHERJEE | C17: ='Salary Sheet - WB Compliant'!D17 -> OFFICE STAFF | D17: ='Salary Sheet - WB Compliant'!X17 -> Y | E17: ='Salary Sheet - WB Compliant'!H17 -> 7600 | F17: =IF(D17="Y",ROUND(E17*12%,0),0) -> 912 | G17: ='Salary Sheet - WB Compliant'!O17 -> 12777 | H17: ='Salary Sheet - WB Compliant'!Z17 -> 1533 | I17: =MIN(G17,15000) -> 12777 | J17: =IF(D17="Y",ROUND(I17*12%,0),0) -> 1533 | K17: =H17-J17 -> 0 | L17: =H17-F17 -> 621 | M17: =J17-F17 -> 621
A18: ='Salary Sheet - WB Compliant'!A18 -> 12 | B18: ='Salary Sheet - WB Compliant'!E18 -> PROBIR GHOSH (O) | C18: ='Salary Sheet - WB Compliant'!D18 -> OFFICE STAFF | D18: ='Salary Sheet - WB Compliant'!X18 -> Y | E18: ='Salary Sheet - WB Compliant'!H18 -> 7560 | F18: =IF(D18="Y",ROUND(E18*12%,0),0) -> 907 | G18: ='Salary Sheet - WB Compliant'!O18 -> 12777 | H18: ='Salary Sheet - WB Compliant'!Z18 -> 1533 | I18: =MIN(G18,15000) -> 12777 | J18: =IF(D18="Y",ROUND(I18*12%,0),0) -> 1533 | K18: =H18-J18 -> 0 | L18: =H18-F18 -> 626 | M18: =J18-F18 -> 626
... A57: ='Salary Sheet - WB Compliant'!A57 -> 51 | B57: ='Salary Sheet - WB Compliant'!E57 -> BABLU MONDAL (L) | C57: ='Salary Sheet - WB Compliant'!D57 -> LAB TECHNICIAN | D57: ='Salary Sheet - WB Compliant'!X57 -> Y | E57: ='Salary Sheet - WB Compliant'!H57 -> 8400 | F57: =IF(D57="Y",ROUND(E57*12%,0),0) -> 1008 | G57: ='Salary Sheet - WB Compliant'!O57 -> 12777 | H57: ='Salary Sheet - WB Compliant'!Z57 -> 1533 | I57: =MIN(G57,15000) -> 12777 | J57: =IF(D57="Y",ROUND(I57*12%,0),0) -> 1533 | K57: =H57-J57 -> 0 | L57: =H57-F57 -> 525 | M57: =J57-F57 -> 525
B58: TOTAL (per side) | F58: =SUM(F7:F57) -> 46011 | H58: =SUM(H7:H57) -> 64496 | J58: =SUM(J7:J57) -> 58856 | K58: =SUM(K7:K57) -> 5640 | L58: =SUM(L7:L57) -> 18485 | M58: =SUM(M7:M57) -> 12845
B60: Company-wide Impact Summary (Employer side = same as Employee side above)
B61: Total Monthly PF — OLD sheet (per side) | F61: =F58 -> 46011
B62: Total Monthly PF — NEW, Uncapped (per side) | F62: =H58 -> 64496
B63: Total Monthly PF — NEW, Capped @ ₹15,000 (per side) | F63: =J58 -> 58856
B64: Extra Employer PF Cost — Uncapped vs OLD (monthly) | F64: =H58-F58 -> 18485
B65: Extra Employer PF Cost — Capped vs OLD (monthly) | F65: =J58-F58 -> 12845
B66: Cost SAVED by Capping (vs staying Uncapped), monthly | F66: =H58-J58 -> 5640
B67: Cost SAVED by Capping (vs staying Uncapped), ANNUAL | F67: =(H58-J58)*12 -> 67680
B69: Note: Capping at ₹15,000 reduces the EMPLOYEE's own PF savings too (smaller retirement corpus build-up) — this is a cost-vs-benefit trade-off for the employee, not just a company saving. Discuss with employees/HR before changing an existing higher-wage PF practice, as reducing an employee's PF base can face resistance and, for existing members already contributing above ₹15,000, may not be permitted to be reduced unilaterally.

Sheet Salary Sheet - WB Compliant
A1: TRANS CONCRETE PVT LTD — RAJARHAT — WB LABOUR-CODE COMPLIANT SALARY SHEET (July 2026)
A3: Logic: (1) Basic is raised to at least the WB minimum wage for the mapped skill level. (2) Basic is raised to at least 50% of Gross (Code on Wages 'wage' definition, in force since 21-Nov-2025) by re-allocating from HRA/Food first; Gross rises only if HRA+Food cannot fully absorb the required increase. (3) PF & ESI recomputed on the revised figures. Yellow cells are editable.
A6: SL NO | B6: EMP CODE | C6: LOCATION | D6: CATEGORY | E6: NAME | F6: SKILL LEVEL | G6: MIN WAGE (₹/month) | H6: Orig Basic | I6: Orig HRA | J6: Orig Food | K6: Orig Total | L6: Perf. Bonus | M6: Orig Gross | N6: Required Basic | O6: NEW BASIC | P6: Basic Shortfall | Q6: HRA+Food Available | R6: NEW HRA | S6: NEW Food | T6: NEW Total | U6: NEW GROSS | V6: Gross Increased? | W6: Increase Amount | X6: PF Applicable | Y6: PF Wage Base | Z6: PF Employee(12%) | AA6: PF Employer(12%) | AB6: ESI Applicable | AC6: ESI Employee(0.75%) | AD6: ESI Employer(3.25%) | AE6: NET PAY (Employee) | AF6: TOTAL COST TO COMPANY
A7: 1 | B7: TC 0005 | C7: RAJARHAT | D7: OFFICE STAFF | E7: ABED ALI | F7: =VLOOKUP(D7,SkillMap,2,0) -> Skilled | G7: =VLOOKUP(F7,MinWageTable,2,0) -> 12777 | H7: 9125 | I7: 6325 | J7: 4550 | K7: =H7+I7+J7 -> 20000 | L7: 0 | M7: =K7+L7 -> 20000 | N7: =MAX(G7,0.5*M7) -> 12777 | O7: =MAX(H7,N7) -> 12777 | P7: =O7-H7 -> 3652 | Q7: =I7+J7 -> 10875 | R7: =IF(Q7=0,I7,I7-MIN(P7,Q7)*(I7/Q7)) -> 4200.9632 | S7: =IF(Q7=0,J7,J7-MIN(P7,Q7)*(J7/Q7)) -> 3022.0368 | T7: =O7+R7+S7 -> 20000 | U7: =T7+L7 -> 20000 | V7: =IF(U7>M7,"YES","No") -> No | W7: =MAX(U7-M7,0) -> 0 | X7: Y | Y7: =O7 -> 12777 | Z7: =IF(X7="Y",ROUND(Y7*12%,0),0) -> 1533 | AA7: =IF(X7="Y",ROUND(Y7*12%,0),0) -> 1533 | AB7: =IF(U7<=21000,"Y","N") -> Y | AC7: =IF(AB7="Y",ROUND(U7*0.75%,0),0) -> 150 | AD7: =IF(AB7="Y",ROUND(U7*3.25%,0),0) -> 650 | AE7: =U7-Z7-AC7 -> 18317 | AF7: =U7+AA7+AD7 -> 22183
A8: 2 | B8: TC 0003 | C8: RAJARHAT | D8: OFFICE STAFF | E8: ABHI MUKHERJEE | F8: =VLOOKUP(D8,SkillMap,2,0) -> Skilled | G8: =VLOOKUP(F8,MinWageTable,2,0) -> 12777 | H8: 11100 | I8: 8500 | J8: 8900 | K8: =H8+I8+J8 -> 28500 | L8: 0 | M8: =K8+L8 -> 28500 | N8: =MAX(G8,0.5*M8) -> 14250 | O8: =MAX(H8,N8) -> 14250 | P8: =O8-H8 -> 3150 | Q8: =I8+J8 -> 17400 | R8: =IF(Q8=0,I8,I8-MIN(P8,Q8)*(I8/Q8)) -> 6961.2069 | S8: =IF(Q8=0,J8,J8-MIN(P8,Q8)*(J8/Q8)) -> 7288.7931 | T8: =O8+R8+S8 -> 28500 | U8: =T8+L8 -> 28500 | V8: =IF(U8>M8,"YES","No") -> No | W8: =MAX(U8-M8,0) -> 0 | X8: Y | Y8: =O8 -> 14250 | Z8: =IF(X8="Y",ROUND(Y8*12%,0),0) -> 1710 | AA8: =IF(X8="Y",ROUND(Y8*12%,0),0) -> 1710 | AB8: =IF(U8<=21000,"Y","N") -> N | AC8: =IF(AB8="Y",ROUND(U8*0.75%,0),0) -> 0 | AD8: =IF(AB8="Y",ROUND(U8*3.25%,0),0) -> 0 | AE8: =U8-Z8-AC8 -> 26790 | AF8: =U8+AA8+AD8 -> 30210
A9: 3 | B9: TC 0001 | C9: RAJARHAT | D9: OFFICE STAFF | E9: ACHIN GUPTA | F9: =VLOOKUP(D9,SkillMap,2,0) -> Skilled | G9: =VLOOKUP(F9,MinWageTable,2,0) -> 12777 | H9: 11700 | I9: 6200 | J9: 4600 | K9: =H9+I9+J9 -> 22500 | L9: 0 | M9: =K9+L9 -> 22500 | N9: =MAX(G9,0.5*M9) -> 12777 | O9: =MAX(H9,N9) -> 12777 | P9: =O9-H9 -> 1077 | Q9: =I9+J9 -> 10800 | R9: =IF(Q9=0,I9,I9-MIN(P9,Q9)*(I9/Q9)) -> 5581.7222 | S9: =IF(Q9=0,J9,J9-MIN(P9,Q9)*(J9/Q9)) -> 4141.2778 | T9: =O9+R9+S9 -> 22500 | U9: =T9+L9 -> 22500 | V9: =IF(U9>M9,"YES","No") -> No | W9: =MAX(U9-M9,0) -> 0 | X9: Y | Y9: =O9 -> 12777 | Z9: =IF(X9="Y",ROUND(Y9*12%,0),0) -> 1533 | AA9: =IF(X9="Y",ROUND(Y9*12%,0),0) -> 1533 | AB9: =IF(U9<=21000,"Y","N") -> N | AC9: =IF(AB9="Y",ROUND(U9*0.75%,0),0) -> 0 | AD9: =IF(AB9="Y",ROUND(U9*3.25%,0),0) -> 0 | AE9: =U9-Z9-AC9 -> 20967 | AF9: =U9+AA9+AD9 -> 24033
A10: 4 | B10: TC 0006 | C10: RAJARHAT | D10: OFFICE STAFF | E10: AMIN YADAV (BADRI) | F10: =VLOOKUP(D10,SkillMap,2,0) -> Skilled | G10: =VLOOKUP(F10,MinWageTable,2,0) -> 12777 | H10: 8200 | I10: 8150 | J10: 8150 | K10: =H10+I10+J10 -> 24500 | L10: 0 | M10: =K10+L10 -> 24500 | N10: =MAX(G10,0.5*M10) -> 12777 | O10: =MAX(H10,N10) -> 12777 | P10: =O10-H10 -> 4577 | Q10: =I10+J10 -> 16300 | R10: =IF(Q10=0,I10,I10-MIN(P10,Q10)*(I10/Q10)) -> 5861.5 | S10: =IF(Q10=0,J10,J10-MIN(P10,Q10)*(J10/Q10)) -> 5861.5 | T10: =O10+R10+S10 -> 24500 | U10: =T10+L10 -> 24500 | V10: =IF(U10>M10,"YES","No") -> No | W10: =MAX(U10-M10,0) -> 0 | X10: Y | Y10: =O10 -> 12777 | Z10: =IF(X10="Y",ROUND(Y10*12%,0),0) -> 1533 | AA10: =IF(X10="Y",ROUND(Y10*12%,0),0) -> 1533 | AB10: =IF(U10<=21000,"Y","N") -> N | AC10: =IF(AB10="Y",ROUND(U10*0.75%,0),0) -> 0 | AD10: =IF(AB10="Y",ROUND(U10*3.25%,0),0) -> 0 | AE10: =U10-Z10-AC10 -> 22967 | AF10: =U10+AA10+AD10 -> 26033
A11: 5 | B11: TC 0185 | C11: RAJARHAT | D11: OFFICE STAFF | E11: ANOWAR MOLLA | F11: =VLOOKUP(D11,SkillMap,2,0) -> Skilled | G11: =VLOOKUP(F11,MinWageTable,2,0) -> 12777 | H11: 7100 | I11: 3400 | J11: 3500 | K11: =H11+I11+J11 -> 14000 | L11: 0 | M11: =K11+L11 -> 14000 | N11: =MAX(G11,0.5*M11) -> 12777 | O11: =MAX(H11,N11) -> 12777 | P11: =O11-H11 -> 5677 | Q11: =I11+J11 -> 6900 | R11: =IF(Q11=0,I11,I11-MIN(P11,Q11)*(I11/Q11)) -> 602.63768 | S11: =IF(Q11=0,J11,J11-MIN(P11,Q11)*(J11/Q11)) -> 620.36232 | T11: =O11+R11+S11 -> 14000 | U11: =T11+L11 -> 14000 | V11: =IF(U11>M11,"YES","No") -> No | W11: =MAX(U11-M11,0) -> 0 | X11: Y | Y11: =O11 -> 12777 | Z11: =IF(X11="Y",ROUND(Y11*12%,0),0) -> 1533 | AA11: =IF(X11="Y",ROUND(Y11*12%,0),0) -> 1533 | AB11: =IF(U11<=21000,"Y","N") -> Y | AC11: =IF(AB11="Y",ROUND(U11*0.75%,0),0) -> 105 | AD11: =IF(AB11="Y",ROUND(U11*3.25%,0),0) -> 455 | AE11: =U11-Z11-AC11 -> 12362 | AF11: =U11+AA11+AD11 -> 15988
A12: 6 | B12: TC 0260 | C12: RAJARHAT | D12: OFFICE STAFF | E12: DIBAKAR MONDAL | F12: =VLOOKUP(D12,SkillMap,2,0) -> Skilled | G12: =VLOOKUP(F12,MinWageTable,2,0) -> 12777 | H12: 8600 | I12: 4950 | J12: 4450 | K12: =H12+I12+J12 -> 18000 | L12: 0 | M12: =K12+L12 -> 18000 | N12: =MAX(G12,0.5*M12) -> 12777 | O12: =MAX(H12,N12) -> 12777 | P12: =O12-H12 -> 4177 | Q12: =I12+J12 -> 9400 | R12: =IF(Q12=0,I12,I12-MIN(P12,Q12)*(I12/Q12)) -> 2750.4096 | S12: =IF(Q12=0,J12,J12-MIN(P12,Q12)*(J12/Q12)) -> 2472.5904 | T12: =O12+R12+S12 -> 18000 | U12: =T12+L12 -> 18000 | V12: =IF(U12>M12,"YES","No") -> No | W12: =MAX(U12-M12,0) -> 0 | X12: Y | Y12: =O12 -> 12777 | Z12: =IF(X12="Y",ROUND(Y12*12%,0),0) -> 1533 | AA12: =IF(X12="Y",ROUND(Y12*12%,0),0) -> 1533 | AB12: =IF(U12<=21000,"Y","N") -> Y | AC12: =IF(AB12="Y",ROUND(U12*0.75%,0),0) -> 135 | AD12: =IF(AB12="Y",ROUND(U12*3.25%,0),0) -> 585 | AE12: =U12-Z12-AC12 -> 16332 | AF12: =U12+AA12+AD12 -> 20118
A13: 7 | B13: TC 0122 | C13: RAJARHAT | D13: OFFICE STAFF | E13: GOLAM SARWAR | F13: =VLOOKUP(D13,SkillMap,2,0) -> Skilled | G13: =VLOOKUP(F13,MinWageTable,2,0) -> 12777 | H13: 26000 | I13: 0 | J13: 0 | K13: =H13+I13+J13 -> 26000 | L13: 0 | M13: =K13+L13 -> 26000 | N13: =MAX(G13,0.5*M13) -> 13000 | O13: =MAX(H13,N13) -> 26000 | P13: =O13-H13 -> 0 | Q13: =I13+J13 -> 0 | R13: =IF(Q13=0,I13,I13-MIN(P13,Q13)*(I13/Q13)) -> 0 | S13: =IF(Q13=0,J13,J13-MIN(P13,Q13)*(J13/Q13)) -> 0 | T13: =O13+R13+S13 -> 26000 | U13: =T13+L13 -> 26000 | V13: =IF(U13>M13,"YES","No") -> No | W13: =MAX(U13-M13,0) -> 0 | X13: Y | Y13: =O13 -> 26000 | Z13: =IF(X13="Y",ROUND(Y13*12%,0),0) -> 3120 | AA13: =IF(X13="Y",ROUND(Y13*12%,0),0) -> 3120 | AB13: =IF(U13<=21000,"Y","N") -> N | AC13: =IF(AB13="Y",ROUND(U13*0.75%,0),0) -> 0 | AD13: =IF(AB13="Y",ROUND(U13*3.25%,0),0) -> 0 | AE13: =U13-Z13-AC13 -> 22880 | AF13: =U13+AA13+AD13 -> 29120
A14: 8 | B14: TC 0205 | C14: RAJARHAT | D14: OFFICE STAFF | E14: IMAN ALI MOLLA | F14: =VLOOKUP(D14,SkillMap,2,0) -> Skilled | G14: =VLOOKUP(F14,MinWageTable,2,0) -> 12777 | H14: 8010 | I14: 5030 | J14: 3960 | K14: =H14+I14+J14 -> 17000 | L14: 0 | M14: =K14+L14 -> 17000 | N14: =MAX(G14,0.5*M14) -> 12777 | O14: =MAX(H14,N14) -> 12777 | P14: =O14-H14 -> 4767 | Q14: =I14+J14 -> 8990 | R14: =IF(Q14=0,I14,I14-MIN(P14,Q14)*(I14/Q14)) -> 2362.8131 | S14: =IF(Q14=0,J14,J14-MIN(P14,Q14)*(J14/Q14)) -> 1860.1869 | T14: =O14+R14+S14 -> 17000 | U14: =T14+L14 -> 17000 | V14: =IF(U14>M14,"YES","No") -> No | W14: =MAX(U14-M14,0) -> 0 | X14: Y | Y14: =O14 -> 12777 | Z14: =IF(X14="Y",ROUND(Y14*12%,0),0) -> 1533 | AA14: =IF(X14="Y",ROUND(Y14*12%,0),0) -> 1533 | AB14: =IF(U14<=21000,"Y","N") -> Y | AC14: =IF(AB14="Y",ROUND(U14*0.75%,0),0) -> 128 | AD14: =IF(AB14="Y",ROUND(U14*3.25%,0),0) -> 553 | AE14: =U14-Z14-AC14 -> 15339 | AF14: =U14+AA14+AD14 -> 19086
A15: 9 | B15: TC 0024 | C15: RAJARHAT | D15: OFFICE STAFF | E15: PULIN MONDAL | F15: =VLOOKUP(D15,SkillMap,2,0) -> Skilled | G15: =VLOOKUP(F15,MinWageTable,2,0) -> 12777 | H15: 5200 | I15: 3400 | J15: 2900 | K15: =H15+I15+J15 -> 11500 | L15: 0 | M15: =K15+L15 -> 11500 | N15: =MAX(G15,0.5*M15) -> 12777 | O15: =MAX(H15,N15) -> 12777 | P15: =O15-H15 -> 7577 | Q15: =I15+J15 -> 6300 | R15: =IF(Q15=0,I15,I15-MIN(P15,Q15)*(I15/Q15)) -> 0 | S15: =IF(Q15=0,J15,J15-MIN(P15,Q15)*(J15/Q15)) -> 0 | T15: =O15+R15+S15 -> 12777 | U15: =T15+L15 -> 12777 | V15: =IF(U15>M15,"YES","No") -> YES | W15: =MAX(U15-M15,0) -> 1277 | X15: Y | Y15: =O15 -> 12777 | Z15: =IF(X15="Y",ROUND(Y15*12%,0),0) -> 1533 | AA15: =IF(X15="Y",ROUND(Y15*12%,0),0) -> 1533 | AB15: =IF(U15<=21000,"Y","N") -> Y | AC15: =IF(AB15="Y",ROUND(U15*0.75%,0),0) -> 96 | AD15: =IF(AB15="Y",ROUND(U15*3.25%,0),0) -> 415 | AE15: =U15-Z15-AC15 -> 11148 | AF15: =U15+AA15+AD15 -> 14725
A16: 10 | B16: TC 0040 | C16: RAJARHAT | D16: OFFICE STAFF | E16: RAJU PAL | F16: =VLOOKUP(D16,SkillMap,2,0) -> Skilled | G16: =VLOOKUP(F16,MinWageTable,2,0) -> 12777 | H16: 7700 | I16: 6600 | J16: 5700 | K16: =H16+I16+J16 -> 20000 | L16: 0 | M16: =K16+L16 -> 20000 | N16: =MAX(G16,0.5*M16) -> 12777 | O16: =MAX(H16,N16) -> 12777 | P16: =O16-H16 -> 5077 | Q16: =I16+J16 -> 12300 | R16: =IF(Q16=0,I16,I16-MIN(P16,Q16)*(I16/Q16)) -> 3875.7561 | S16: =IF(Q16=0,J16,J16-MIN(P16,Q16)*(J16/Q16)) -> 3347.2439 | T16: =O16+R16+S16 -> 20000 | U16: =T16+L16 -> 20000 | V16: =IF(U16>M16,"YES","No") -> No | W16: =MAX(U16-M16,0) -> 0 | X16: Y | Y16: =O16 -> 12777 | Z16: =IF(X16="Y",ROUND(Y16*12%,0),0) -> 1533 | AA16: =IF(X16="Y",ROUND(Y16*12%,0),0) -> 1533 | AB16: =IF(U16<=21000,"Y","N") -> Y | AC16: =IF(AB16="Y",ROUND(U16*0.75%,0),0) -> 150 | AD16: =IF(AB16="Y",ROUND(U16*3.25%,0),0) -> 650 | AE16: =U16-Z16-AC16 -> 18317 | AF16: =U16+AA16+AD16 -> 22183
A17: 11 | B17: TC 0032 | C17: RAJARHAT | D17: OFFICE STAFF | E17: UJJAL MUKHERJEE | F17: =VLOOKUP(D17,SkillMap,2,0) -> Skilled | G17: =VLOOKUP(F17,MinWageTable,2,0) -> 12777 | H17: 7600 | I17: 6700 | J17: 5700 | K17: =H17+I17+J17 -> 20000 | L17: 0 | M17: =K17+L17 -> 20000 | N17: =MAX(G17,0.5*M17) -> 12777 | O17: =MAX(H17,N17) -> 12777 | P17: =O17-H17 -> 5177 | Q17: =I17+J17 -> 12400 | R17: =IF(Q17=0,I17,I17-MIN(P17,Q17)*(I17/Q17)) -> 3902.75 | S17: =IF(Q17=0,J17,J17-MIN(P17,Q17)*(J17/Q17)) -> 3320.25 | T17: =O17+R17+S17 -> 20000 | U17: =T17+L17 -> 20000 | V17: =IF(U17>M17,"YES","No") -> No | W17: =MAX(U17-M17,0) -> 0 | X17: Y | Y17: =O17 -> 12777 | Z17: =IF(X17="Y",ROUND(Y17*12%,0),0) -> 1533 | AA17: =IF(X17="Y",ROUND(Y17*12%,0),0) -> 1533 | AB17: =IF(U17<=21000,"Y","N") -> Y | AC17: =IF(AB17="Y",ROUND(U17*0.75%,0),0) -> 150 | AD17: =IF(AB17="Y",ROUND(U17*3.25%,0),0) -> 650 | AE17: =U17-Z17-AC17 -> 18317 | AF17: =U17+AA17+AD17 -> 22183
A18: 12 | B18: TC 0271 | C18: RAJARHAT | D18: OFFICE STAFF | E18: PROBIR GHOSH (O) | F18: =VLOOKUP(D18,SkillMap,2,0) -> Skilled | G18: =VLOOKUP(F18,MinWageTable,2,0) -> 12777 | H18: 7560 | I18: 4920 | J18: 4020 | K18: =H18+I18+J18 -> 16500 | L18: 0 | M18: =K18+L18 -> 16500 | N18: =MAX(G18,0.5*M18) -> 12777 | O18: =MAX(H18,N18) -> 12777 | P18: =O18-H18 -> 5217 | Q18: =I18+J18 -> 8940 | R18: =IF(Q18=0,I18,I18-MIN(P18,Q18)*(I18/Q18)) -> 2048.8993 | S18: =IF(Q18=0,J18,J18-MIN(P18,Q18)*(J18/Q18)) -> 1674.1007 | T18: =O18+R18+S18 -> 16500 | U18: =T18+L18 -> 16500 | V18: =IF(U18>M18,"YES","No") -> No | W18: =MAX(U18-M18,0) -> 0 | X18: Y | Y18: =O18 -> 12777 | Z18: =IF(X18="Y",ROUND(Y18*12%,0),0) -> 1533 | AA18: =IF(X18="Y",ROUND(Y18*12%,0),0) -> 1533 | AB18: =IF(U18<=21000,"Y","N") -> Y | AC18: =IF(AB18="Y",ROUND(U18*0.75%,0),0) -> 124 | AD18: =IF(AB18="Y",ROUND(U18*3.25%,0),0) -> 536 | AE18: =U18-Z18-AC18 -> 14843 | AF18: =U18+AA18+AD18 -> 18569
... A57: 51 | B57: TC 0227 | C57: RAJARHAT | D57: LAB TECHNICIAN | E57: BABLU MONDAL (L) | F57: =VLOOKUP(D57,SkillMap,2,0) -> Skilled | G57: =VLOOKUP(F57,MinWageTable,2,0) -> 12777 | H57: 8400 | I57: 5300 | J57: 4800 | K57: =H57+I57+J57 -> 18500 | L57: 0 | M57: =K57+L57 -> 18500 | N57: =MAX(G57,0.5*M57) -> 12777 | O57: =MAX(H57,N57) -> 12777 | P57: =O57-H57 -> 4377 | Q57: =I57+J57 -> 10100 | R57: =IF(Q57=0,I57,I57-MIN(P57,Q57)*(I57/Q57)) -> 3003.1584 | S57: =IF(Q57=0,J57,J57-MIN(P57,Q57)*(J57/Q57)) -> 2719.8416 | T57: =O57+R57+S57 -> 18500 | U57: =T57+L57 -> 18500 | V57: =IF(U57>M57,"YES","No") -> No | W57: =MAX(U57-M57,0) -> 0 | X57: Y | Y57: =O57 -> 12777 | Z57: =IF(X57="Y",ROUND(Y57*12%,0),0) -> 1533 | AA57: =IF(X57="Y",ROUND(Y57*12%,0),0) -> 1533 | AB57: =IF(U57<=21000,"Y","N") -> Y | AC57: =IF(AB57="Y",ROUND(U57*0.75%,0),0) -> 139 | AD57: =IF(AB57="Y",ROUND(U57*3.25%,0),0) -> 601 | AE57: =U57-Z57-AC57 -> 16828 | AF57: =U57+AA57+AD57 -> 20634
E58: TOTAL | H58: =SUM(H7:H57) -> 623220 | I58: =SUM(I7:I57) -> 167685 | J58: =SUM(J7:J57) -> 137370 | K58: =SUM(K7:K57) -> 928275 | L58: =SUM(L7:L57) -> 0 | M58: =SUM(M7:M57) -> 928275 | Q58: =SUM(Q7:Q57) -> 305055 | T58: =SUM(T7:T57) -> 929729 | U58: =SUM(U7:U57) -> 929729 | W58: =SUM(W7:W57) -> 1454 | Y58: =SUM(Y7:Y57) -> 777296 | Z58: =SUM(Z7:Z57) -> 64496 | AA58: =SUM(AA7:AA57) -> 64496 | AC58: =SUM(AC7:AC57) -> 5561 | AD58: =SUM(AD7:AD57) -> 24067 | AE58: =SUM(AE7:AE57) -> 859672 | AF58: =SUM(AF7:AF57) -> 1018292

Sheet Skill Mapping
A1: SKILL-LEVEL MAPPING — Category to Minimum-Wage Skill Level (editable, confirm with your labour consultant)
B3: Job Category | C3: Mapped Skill Level | D3: Basis / Note
B4: OFFICE STAFF | C4: Skilled | D4: General clerical/admin work; senior roles may warrant Highly Skilled — review individually
B5: DRIVER | C5: Semi-Skilled | D5: Light/medium commercial vehicle driving — some states classify heavy-vehicle drivers as Skilled
B6: HELPER | C6: Unskilled | D6: General manual/helper work
B7: LAB TECHNICIAN | C7: Skilled | D7: Requires technical/testing knowledge
B8: HOPPER | C8: Semi-Skilled | D8: Machine/material-feeding operator role
B9: OTHERS | C9: Skilled | D9: e.g. JCB/excavator operator — specialised equipment operation
B12: IMPORTANT: this mapping is an editable ASSUMPTION based on job-title alone. Actual skill classification for minimum-wage purposes should be confirmed against the specific WB scheduled-employment notification that applies to your industry, and against each employee's actual qualification/duties.

Sheet Min Wages (WB Zone A)
A1: WEST BENGAL MINIMUM WAGES — Zone A (source: your Minimum Wages sheet)
B3: Zone A = Municipal Corporations / Municipalities / Notified Areas / Development Authorities / Thermal Power Plant-Township areas
B5: Skill Level | C5: Monthly Rate (₹) | D5: Daily Rate (₹)
B6: Unskilled | C6: 10558 | D6: 406
B7: Semi-Skilled | C7: 11615 | D7: 447
B8: Skilled | C8: 12777 | D8: 491
B9: Highly Skilled | C9: 14054 | D9: 541
B12: Note: verify these against the latest WB Labour Dept gazette before running payroll — rates are revised periodically (typically half-yearly).
