Workbook
Name MinWageTable: 'Min Wages (WB Zone A)'!$B$6:$C$9
Name SkillMap: 'Skill Mapping'!$B$4:$C$10

Sheet Dashboard
A1: DASHBOARD — TCPL All-Staff WB Compliance & Cost Impact (July 2026)
B3: Key Metrics
B4: Total Employees (All Locations) | E4: Employees whose Basic was Raised | H4: Employees whose Gross Increased
B5: ='Compliance Summary'!C5 -> 119 | E5: ='Compliance Summary'!C6 -> 69 | H5: ='Compliance Summary'!C7 -> 4
B7: Total Monthly Gross — Before | E7: Total Monthly Gross — After | H7: Extra Monthly Cost — Gross only
B8: ='Compliance Summary'!C10 -> 2451862 | E8: ='Compliance Summary'!C11 -> 2454170 | H8: ='Compliance Summary'!C12 -> 2308
B10: Extra Employer PF (Monthly) | E10: Extra Employer ESI (Monthly) | H10: TOTAL Extra Cost to Company (Monthly)
B11: ='PF Capping Comparison'!F132 -> 34797 | E11: ='ESI Impact Comparison'!F132 -> 74 | H11: =H8+B11+E11 -> 37179
B13: TOTAL Extra Cost to Company (ANNUAL) | E13: Total Monthly Cost to Company — After | H13: Employees Paying Professional Tax
B14: =(H8+B11+E11)*12 -> 446148 | E14: ='Compliance Summary'!C16 -> 2619976 | H14: ='Compliance Summary'!C24 -> 119
B16: By-Location Breakdown
B17: Location | C17: Headcount | D17: Old Gross (Monthly) | E17: New Gross (Monthly) | F17: Extra Gross Cost | G17: Employer PF (New) | H17: Employer ESI (New)
B18: RAJARHAT | C18: =COUNTIF('Salary Sheet - WB Compliant'!C7:C125,B18) -> 51 | D18: =SUMIF('Salary Sheet - WB Compliant'!C7:C125,B18,'Salary Sheet - WB Compliant'!O7:O125) -> 928275 | E18: =SUMIF('Salary Sheet - WB Compliant'!C7:C125,B18,'Salary Sheet - WB Compliant'!Y7:Y125) -> 929729 | F18: =E18-D18 -> 1454 | G18: =SUMIF('Salary Sheet - WB Compliant'!C7:C125,B18,'Salary Sheet - WB Compliant'!AE7:AE125) -> 64496 | H18: =SUMIF('Salary Sheet - WB Compliant'!C7:C125,B18,'Salary Sheet - WB Compliant'!AH7:AH125) -> 24067
B19: JALAN | C19: =COUNTIF('Salary Sheet - WB Compliant'!C7:C125,B19) -> 22 | D19: =SUMIF('Salary Sheet - WB Compliant'!C7:C125,B19,'Salary Sheet - WB Compliant'!O7:O125) -> 410075 | E19: =SUMIF('Salary Sheet - WB Compliant'!C7:C125,B19,'Salary Sheet - WB Compliant'!Y7:Y125) -> 410075 | F19: =E19-D19 -> 0 | G19: =SUMIF('Salary Sheet - WB Compliant'!C7:C125,B19,'Salary Sheet - WB Compliant'!AE7:AE125) -> 20398 | H19: =SUMIF('Salary Sheet - WB Compliant'!C7:C125,B19,'Salary Sheet - WB Compliant'!AH7:AH125) -> 10439
B20: TARATALA | C20: =COUNTIF('Salary Sheet - WB Compliant'!C7:C125,B20) -> 24 | D20: =SUMIF('Salary Sheet - WB Compliant'!C7:C125,B20,'Salary Sheet - WB Compliant'!O7:O125) -> 490900 | E20: =SUMIF('Salary Sheet - WB Compliant'!C7:C125,B20,'Salary Sheet - WB Compliant'!Y7:Y125) -> 490900 | F20: =E20-D20 -> 0 | G20: =SUMIF('Salary Sheet - WB Compliant'!C7:C125,B20,'Salary Sheet - WB Compliant'!AE7:AE125) -> 14532 | H20: =SUMIF('Salary Sheet - WB Compliant'!C7:C125,B20,'Salary Sheet - WB Compliant'!AH7:AH125) -> 5613
B21: HEAD OFFICE | C21: =COUNTIF('Salary Sheet - WB Compliant'!C7:C125,B21) -> 22 | D21: =SUMIF('Salary Sheet - WB Compliant'!C7:C125,B21,'Salary Sheet - WB Compliant'!O7:O125) -> 622612 | E21: =SUMIF('Salary Sheet - WB Compliant'!C7:C125,B21,'Salary Sheet - WB Compliant'!Y7:Y125) -> 623466 | F21: =E21-D21 -> 854 | G21: =SUMIF('Salary Sheet - WB Compliant'!C7:C125,B21,'Salary Sheet - WB Compliant'!AE7:AE125) -> 23238 | H21: =SUMIF('Salary Sheet - WB Compliant'!C7:C125,B21,'Salary Sheet - WB Compliant'!AH7:AH125) -> 3023
B22: TOTAL | C22: =SUM(C18:C21) -> 119 | D22: =SUM(D18:D21) -> 2451862 | E22: =SUM(E18:E21) -> 2454170 | F22: =SUM(F18:F21) -> 2308 | G22: =SUM(G18:G21) -> 122664 | H22: =SUM(H18:H21) -> 43142
B38: Component | C38: Amount
B39: Extra Gross Cost | C39: =H8 -> 2308
B40: Extra Employer PF | C40: ='PF Capping Comparison'!F132 -> 34797
B41: Extra Employer ESI | C41: ='ESI Impact Comparison'!F132 -> 74

Sheet Compliance Summary
A1: COMPLIANCE SUMMARY — Trans Concrete Pvt Ltd (All Locations)
B4: Headcount & Basic-Wage Compliance
B5: Total Employees (All Locations) | C5: =COUNTA('Salary Sheet - WB Compliant'!E7:E125) -> 119
B6: Employees whose Basic was below Min Wage / 50%-rule (raised) | C6: =COUNTIF('Salary Sheet - WB Compliant'!R7:R125,">0") -> 69
B7: Employees whose Gross had to increase | C7: =COUNTIF('Salary Sheet - WB Compliant'!Z7:Z125,"YES") -> 4
B9: Monthly Cost Impact
B10: Total Original Monthly Gross (all employees) | C10: =SUM('Salary Sheet - WB Compliant'!O7:O125) -> 2451862
B11: Total Revised Monthly Gross (all employees) | C11: =SUM('Salary Sheet - WB Compliant'!Y7:Y125) -> 2454170
B12: Net Additional Monthly Cost (Gross only) | C12: =C11-C10 -> 2308
B13: Net Additional ANNUAL Cost (Gross only) | C13: =C12*12 -> 27696
B14: Total Employer PF Contribution (Monthly) | C14: =SUM('Salary Sheet - WB Compliant'!AE7:AE125) -> 122664
B15: Total Employer ESI Contribution (Monthly) | C15: =SUM('Salary Sheet - WB Compliant'!AH7:AH125) -> 43142
B16: Total Monthly Cost to Company (Gross + Employer PF + ESI) | C16: =SUM('Salary Sheet - WB Compliant'!AK7:AK125) -> 2619976
B18: Statutory Deductions (Monthly)
B19: Total Employee PF Deduction | C19: =SUM('Salary Sheet - WB Compliant'!AD7:AD125) -> 122664
B20: Total Employee ESI Deduction | C20: =SUM('Salary Sheet - WB Compliant'!AG7:AG125) -> 9968
B21: Total Employee Professional Tax Deduction | C21: =SUM('Salary Sheet - WB Compliant'!AI7:AI125) -> 15500
B22: Employees Covered under PF | C22: =COUNTIF('Salary Sheet - WB Compliant'!AB7:AB125,"Y") -> 77
B23: Employees Covered under ESI | C23: =COUNTIF('Salary Sheet - WB Compliant'!AF7:AF125,"Y") -> 80
B24: Employees Paying Professional Tax (>0) | C24: =COUNTIF('Salary Sheet - WB Compliant'!AI7:AI125,">0") -> 119
B26: Legal Basis (verify with your labour consultant/CA)
B27: 1. Minimum Wages: WB Zone A rates — Basic floored at the mapped skill level's rate.
B28: 2. 'Wages' definition (Code on Wages 2019, in force 21-Nov-2025): Basic ≥ 50% of Gross — implemented by
B29: flooring Basic at 50% of Gross, reallocating from HRA/Food/Edu/Conv first.
B30: 3. EPF mandatory-coverage wage ceiling remains ₹15,000/month; this sheet follows the plant's existing practice
B31: of contributing on full/actual Basic, except employees flagged 'N' (pre-existing PF-excluded) — review with consultant.
B32: 4. ESI wage ceiling remains ₹21,000/month gross, unchanged. Rates: Employee 0.75%, Employer 3.25% of gross.
B33: 5. Professional Tax (West Bengal, FY 2026-27 slabs): ≤10,000 Nil; 10,001-15,000 ₹110; 15,001-25,000 ₹130;
B34: 25,001-40,000 ₹150; above 40,000 ₹200 per month — based on monthly Gross Salary.
B35: 6. WB state rules under the 4 Labour Codes were NOT YET notified as of Aug 2026 (Central Codes/rules apply);
B36: confirm current status before finalising.
B38: DISCLAIMER: This is a calculation tool, not legal advice. Skill mapping, minimum-wage rates, and the PF-exclusion list are assumptions to be verified against current gazette notifications by a qualified labour-law consultant / CA before running live payroll.

Sheet Salary Sheet - WB Compliant
A1: TRANS CONCRETE PVT LTD — ALL STAFF — WB LABOUR-CODE COMPLIANT SALARY SHEET (July 2026)
A3: Logic: (1) Basic raised to at least WB minimum wage for mapped skill level. (2) Basic raised to at least 50% of Gross (Code on Wages 'wage' definition, in force since 21-Nov-2025) by re-allocating from HRA/Food/Edu/Conv first; Gross rises only if these cannot fully absorb it. (3) PF, ESI & Professional Tax recomputed on revised figures. Yellow cells are editable.
A6: SL NO | B6: EMP CODE | C6: LOCATION | D6: CATEGORY | E6: NAME | F6: SKILL LEVEL | G6: MIN WAGE (₹/mo) | H6: Orig Basic | I6: Orig HRA | J6: Orig Food | K6: Orig Edu | L6: Orig Conv | M6: Orig Total | N6: Perf. Bonus | O6: Orig Gross | P6: Required Basic | Q6: NEW BASIC | R6: Basic Shortfall | S6: Allow. Available | T6: NEW HRA | U6: NEW Food | V6: NEW Edu | W6: NEW Conv | X6: NEW Total | Y6: NEW GROSS | Z6: Gross Increased? | AA6: Increase Amount | AB6: PF Applic. | AC6: PF Wage Base | AD6: PF Employee(12%) | AE6: PF Employer(12%) | AF6: ESI Applic. | AG6: ESI Employee(0.75%) | AH6: ESI Employer(3.25%) | AI6: Professional Tax (WB slab) | AJ6: NET PAY (Employee) | AK6: TOTAL COST TO COMPANY
A7: 1 | B7: TC 0005 | C7: RAJARHAT | D7: OFFICE STAFF | E7: ABED ALI | F7: =VLOOKUP(D7,SkillMap,2,0) -> Skilled | G7: =VLOOKUP(F7,MinWageTable,2,0) -> 12777 | H7: 9125 | I7: 6325 | J7: 4550 | K7: 0 | L7: 0 | M7: =SUM(H7:L7) -> 20000 | N7: 0 | O7: =M7+N7 -> 20000 | P7: =MAX(G7,0.5*O7) -> 12777 | Q7: =MAX(H7,P7) -> 12777 | R7: =Q7-H7 -> 3652 | S7: =SUM(I7:L7) -> 10875 | T7: =IF(S7=0,I7,I7-MIN(R7,S7)*(I7/S7)) -> 4200.9632 | U7: =IF(S7=0,J7,J7-MIN(R7,S7)*(J7/S7)) -> 3022.0368 | V7: =IF(S7=0,K7,K7-MIN(R7,S7)*(K7/S7)) -> 0 | W7: =IF(S7=0,L7,L7-MIN(R7,S7)*(L7/S7)) -> 0 | X7: =Q7+SUM(T7:W7) -> 20000 | Y7: =X7+N7 -> 20000 | Z7: =IF(Y7>O7,"YES","No") -> No | AA7: =MAX(Y7-O7,0) -> 0 | AB7: Y | AC7: =Q7 -> 12777 | AD7: =IF(AB7="Y",ROUND(AC7*12%,0),0) -> 1533 | AE7: =IF(AB7="Y",ROUND(AC7*12%,0),0) -> 1533 | AF7: =IF(Y7<=21000,"Y","N") -> Y | AG7: =IF(AF7="Y",ROUND(Y7*0.75%,0),0) -> 150 | AH7: =IF(AF7="Y",ROUND(Y7*3.25%,0),0) -> 650 | AI7: =IF(Y7<=10000,0,IF(Y7<=15000,110,IF(Y7<=25000,130,IF(Y7<=40000,150,200)))) -> 130 | AJ7: =Y7-AD7-AG7-AI7 -> 18187 | AK7: =Y7+AE7+AH7 -> 22183
A8: 2 | B8: TC 0003 | C8: RAJARHAT | D8: OFFICE STAFF | E8: ABHI MUKHERJEE | F8: =VLOOKUP(D8,SkillMap,2,0) -> Skilled | G8: =VLOOKUP(F8,MinWageTable,2,0) -> 12777 | H8: 11100 | I8: 8500 | J8: 8900 | K8: 0 | L8: 0 | M8: =SUM(H8:L8) -> 28500 | N8: 0 | O8: =M8+N8 -> 28500 | P8: =MAX(G8,0.5*O8) -> 14250 | Q8: =MAX(H8,P8) -> 14250 | R8: =Q8-H8 -> 3150 | S8: =SUM(I8:L8) -> 17400 | T8: =IF(S8=0,I8,I8-MIN(R8,S8)*(I8/S8)) -> 6961.2069 | U8: =IF(S8=0,J8,J8-MIN(R8,S8)*(J8/S8)) -> 7288.7931 | V8: =IF(S8=0,K8,K8-MIN(R8,S8)*(K8/S8)) -> 0 | W8: =IF(S8=0,L8,L8-MIN(R8,S8)*(L8/S8)) -> 0 | X8: =Q8+SUM(T8:W8) -> 28500 | Y8: =X8+N8 -> 28500 | Z8: =IF(Y8>O8,"YES","No") -> No | AA8: =MAX(Y8-O8,0) -> 0 | AB8: Y | AC8: =Q8 -> 14250 | AD8: =IF(AB8="Y",ROUND(AC8*12%,0),0) -> 1710 | AE8: =IF(AB8="Y",ROUND(AC8*12%,0),0) -> 1710 | AF8: =IF(Y8<=21000,"Y","N") -> N | AG8: =IF(AF8="Y",ROUND(Y8*0.75%,0),0) -> 0 | AH8: =IF(AF8="Y",ROUND(Y8*3.25%,0),0) -> 0 | AI8: =IF(Y8<=10000,0,IF(Y8<=15000,110,IF(Y8<=25000,130,IF(Y8<=40000,150,200)))) -> 150 | AJ8: =Y8-AD8-AG8-AI8 -> 26640 | AK8: =Y8+AE8+AH8 -> 30210
A9: 3 | B9: TC 0001 | C9: RAJARHAT | D9: OFFICE STAFF | E9: ACHIN GUPTA | F9: =VLOOKUP(D9,SkillMap,2,0) -> Skilled | G9: =VLOOKUP(F9,MinWageTable,2,0) -> 12777 | H9: 11700 | I9: 6200 | J9: 4600 | K9: 0 | L9: 0 | M9: =SUM(H9:L9) -> 22500 | N9: 0 | O9: =M9+N9 -> 22500 | P9: =MAX(G9,0.5*O9) -> 12777 | Q9: =MAX(H9,P9) -> 12777 | R9: =Q9-H9 -> 1077 | S9: =SUM(I9:L9) -> 10800 | T9: =IF(S9=0,I9,I9-MIN(R9,S9)*(I9/S9)) -> 5581.7222 | U9: =IF(S9=0,J9,J9-MIN(R9,S9)*(J9/S9)) -> 4141.2778 | V9: =IF(S9=0,K9,K9-MIN(R9,S9)*(K9/S9)) -> 0 | W9: =IF(S9=0,L9,L9-MIN(R9,S9)*(L9/S9)) -> 0 | X9: =Q9+SUM(T9:W9) -> 22500 | Y9: =X9+N9 -> 22500 | Z9: =IF(Y9>O9,"YES","No") -> No | AA9: =MAX(Y9-O9,0) -> 0 | AB9: Y | AC9: =Q9 -> 12777 | AD9: =IF(AB9="Y",ROUND(AC9*12%,0),0) -> 1533 | AE9: =IF(AB9="Y",ROUND(AC9*12%,0),0) -> 1533 | AF9: =IF(Y9<=21000,"Y","N") -> N | AG9: =IF(AF9="Y",ROUND(Y9*0.75%,0),0) -> 0 | AH9: =IF(AF9="Y",ROUND(Y9*3.25%,0),0) -> 0 | AI9: =IF(Y9<=10000,0,IF(Y9<=15000,110,IF(Y9<=25000,130,IF(Y9<=40000,150,200)))) -> 130 | AJ9: =Y9-AD9-AG9-AI9 -> 20837 | AK9: =Y9+AE9+AH9 -> 24033
A10: 4 | B10: TC 0006 | C10: RAJARHAT | D10: OFFICE STAFF | E10: AMIN YADAV (BADRI) | F10: =VLOOKUP(D10,SkillMap,2,0) -> Skilled | G10: =VLOOKUP(F10,MinWageTable,2,0) -> 12777 | H10: 8200 | I10: 8150 | J10: 8150 | K10: 0 | L10: 0 | M10: =SUM(H10:L10) -> 24500 | N10: 0 | O10: =M10+N10 -> 24500 | P10: =MAX(G10,0.5*O10) -> 12777 | Q10: =MAX(H10,P10) -> 12777 | R10: =Q10-H10 -> 4577 | S10: =SUM(I10:L10) -> 16300 | T10: =IF(S10=0,I10,I10-MIN(R10,S10)*(I10/S10)) -> 5861.5 | U10: =IF(S10=0,J10,J10-MIN(R10,S10)*(J10/S10)) -> 5861.5 | V10: =IF(S10=0,K10,K10-MIN(R10,S10)*(K10/S10)) -> 0 | W10: =IF(S10=0,L10,L10-MIN(R10,S10)*(L10/S10)) -> 0 | X10: =Q10+SUM(T10:W10) -> 24500 | Y10: =X10+N10 -> 24500 | Z10: =IF(Y10>O10,"YES","No") -> No | AA10: =MAX(Y10-O10,0) -> 0 | AB10: Y | AC10: =Q10 -> 12777 | AD10: =IF(AB10="Y",ROUND(AC10*12%,0),0) -> 1533 | AE10: =IF(AB10="Y",ROUND(AC10*12%,0),0) -> 1533 | AF10: =IF(Y10<=21000,"Y","N") -> N | AG10: =IF(AF10="Y",ROUND(Y10*0.75%,0),0) -> 0 | AH10: =IF(AF10="Y",ROUND(Y10*3.25%,0),0) -> 0 | AI10: =IF(Y10<=10000,0,IF(Y10<=15000,110,IF(Y10<=25000,130,IF(Y10<=40000,150,200)))) -> 130 | AJ10: =Y10-AD10-AG10-AI10 -> 22837 | AK10: =Y10+AE10+AH10 -> 26033
A11: 5 | B11: TC 0185 | C11: RAJARHAT | D11: OFFICE STAFF | E11: ANOWAR MOLLA | F11: =VLOOKUP(D11,SkillMap,2,0) -> Skilled | G11: =VLOOKUP(F11,MinWageTable,2,0) -> 12777 | H11: 7100 | I11: 3400 | J11: 3500 | K11: 0 | L11: 0 | M11: =SUM(H11:L11) -> 14000 | N11: 0 | O11: =M11+N11 -> 14000 | P11: =MAX(G11,0.5*O11) -> 12777 | Q11: =MAX(H11,P11) -> 12777 | R11: =Q11-H11 -> 5677 | S11: =SUM(I11:L11) -> 6900 | T11: =IF(S11=0,I11,I11-MIN(R11,S11)*(I11/S11)) -> 602.63768 | U11: =IF(S11=0,J11,J11-MIN(R11,S11)*(J11/S11)) -> 620.36232 | V11: =IF(S11=0,K11,K11-MIN(R11,S11)*(K11/S11)) -> 0 | W11: =IF(S11=0,L11,L11-MIN(R11,S11)*(L11/S11)) -> 0 | X11: =Q11+SUM(T11:W11) -> 14000 | Y11: =X11+N11 -> 14000 | Z11: =IF(Y11>O11,"YES","No") -> No | AA11: =MAX(Y11-O11,0) -> 0 | AB11: Y | AC11: =Q11 -> 12777 | AD11: =IF(AB11="Y",ROUND(AC11*12%,0),0) -> 1533 | AE11: =IF(AB11="Y",ROUND(AC11*12%,0),0) -> 1533 | AF11: =IF(Y11<=21000,"Y","N") -> Y | AG11: =IF(AF11="Y",ROUND(Y11*0.75%,0),0) -> 105 | AH11: =IF(AF11="Y",ROUND(Y11*3.25%,0),0) -> 455 | AI11: =IF(Y11<=10000,0,IF(Y11<=15000,110,IF(Y11<=25000,130,IF(Y11<=40000,150,200)))) -> 110 | AJ11: =Y11-AD11-AG11-AI11 -> 12252 | AK11: =Y11+AE11+AH11 -> 15988
A12: 6 | B12: TC 0260 | C12: RAJARHAT | D12: OFFICE STAFF | E12: DIBAKAR MONDAL | F12: =VLOOKUP(D12,SkillMap,2,0) -> Skilled | G12: =VLOOKUP(F12,MinWageTable,2,0) -> 12777 | H12: 8600 | I12: 4950 | J12: 4450 | K12: 0 | L12: 0 | M12: =SUM(H12:L12) -> 18000 | N12: 0 | O12: =M12+N12 -> 18000 | P12: =MAX(G12,0.5*O12) -> 12777 | Q12: =MAX(H12,P12) -> 12777 | R12: =Q12-H12 -> 4177 | S12: =SUM(I12:L12) -> 9400 | T12: =IF(S12=0,I12,I12-MIN(R12,S12)*(I12/S12)) -> 2750.4096 | U12: =IF(S12=0,J12,J12-MIN(R12,S12)*(J12/S12)) -> 2472.5904 | V12: =IF(S12=0,K12,K12-MIN(R12,S12)*(K12/S12)) -> 0 | W12: =IF(S12=0,L12,L12-MIN(R12,S12)*(L12/S12)) -> 0 | X12: =Q12+SUM(T12:W12) -> 18000 | Y12: =X12+N12 -> 18000 | Z12: =IF(Y12>O12,"YES","No") -> No | AA12: =MAX(Y12-O12,0) -> 0 | AB12: Y | AC12: =Q12 -> 12777 | AD12: =IF(AB12="Y",ROUND(AC12*12%,0),0) -> 1533 | AE12: =IF(AB12="Y",ROUND(AC12*12%,0),0) -> 1533 | AF12: =IF(Y12<=21000,"Y","N") -> Y | AG12: =IF(AF12="Y",ROUND(Y12*0.75%,0),0) -> 135 | AH12: =IF(AF12="Y",ROUND(Y12*3.25%,0),0) -> 585 | AI12: =IF(Y12<=10000,0,IF(Y12<=15000,110,IF(Y12<=25000,130,IF(Y12<=40000,150,200)))) -> 130 | AJ12: =Y12-AD12-AG12-AI12 -> 16202 | AK12: =Y12+AE12+AH12 -> 20118
A13: 7 | B13: TC 0122 | C13: RAJARHAT | D13: OFFICE STAFF | E13: GOLAM SARWAR | F13: =VLOOKUP(D13,SkillMap,2,0) -> Skilled | G13: =VLOOKUP(F13,MinWageTable,2,0) -> 12777 | H13: 26000 | I13: 0 | J13: 0 | K13: 0 | L13: 0 | M13: =SUM(H13:L13) -> 26000 | N13: 0 | O13: =M13+N13 -> 26000 | P13: =MAX(G13,0.5*O13) -> 13000 | Q13: =MAX(H13,P13) -> 26000 | R13: =Q13-H13 -> 0 | S13: =SUM(I13:L13) -> 0 | T13: =IF(S13=0,I13,I13-MIN(R13,S13)*(I13/S13)) -> 0 | U13: =IF(S13=0,J13,J13-MIN(R13,S13)*(J13/S13)) -> 0 | V13: =IF(S13=0,K13,K13-MIN(R13,S13)*(K13/S13)) -> 0 | W13: =IF(S13=0,L13,L13-MIN(R13,S13)*(L13/S13)) -> 0 | X13: =Q13+SUM(T13:W13) -> 26000 | Y13: =X13+N13 -> 26000 | Z13: =IF(Y13>O13,"YES","No") -> No | AA13: =MAX(Y13-O13,0) -> 0 | AB13: Y | AC13: =Q13 -> 26000 | AD13: =IF(AB13="Y",ROUND(AC13*12%,0),0) -> 3120 | AE13: =IF(AB13="Y",ROUND(AC13*12%,0),0) -> 3120 | AF13: =IF(Y13<=21000,"Y","N") -> N | AG13: =IF(AF13="Y",ROUND(Y13*0.75%,0),0) -> 0 | AH13: =IF(AF13="Y",ROUND(Y13*3.25%,0),0) -> 0 | AI13: =IF(Y13<=10000,0,IF(Y13<=15000,110,IF(Y13<=25000,130,IF(Y13<=40000,150,200)))) -> 150 | AJ13: =Y13-AD13-AG13-AI13 -> 22730 | AK13: =Y13+AE13+AH13 -> 29120
A14: 8 | B14: TC 0205 | C14: RAJARHAT | D14: OFFICE STAFF | E14: IMAN ALI MOLLA | F14: =VLOOKUP(D14,SkillMap,2,0) -> Skilled | G14: =VLOOKUP(F14,MinWageTable,2,0) -> 12777 | H14: 8010 | I14: 5030 | J14: 3960 | K14: 0 | L14: 0 | M14: =SUM(H14:L14) -> 17000 | N14: 0 | O14: =M14+N14 -> 17000 | P14: =MAX(G14,0.5*O14) -> 12777 | Q14: =MAX(H14,P14) -> 12777 | R14: =Q14-H14 -> 4767 | S14: =SUM(I14:L14) -> 8990 | T14: =IF(S14=0,I14,I14-MIN(R14,S14)*(I14/S14)) -> 2362.8131 | U14: =IF(S14=0,J14,J14-MIN(R14,S14)*(J14/S14)) -> 1860.1869 | V14: =IF(S14=0,K14,K14-MIN(R14,S14)*(K14/S14)) -> 0 | W14: =IF(S14=0,L14,L14-MIN(R14,S14)*(L14/S14)) -> 0 | X14: =Q14+SUM(T14:W14) -> 17000 | Y14: =X14+N14 -> 17000 | Z14: =IF(Y14>O14,"YES","No") -> No | AA14: =MAX(Y14-O14,0) -> 0 | AB14: Y | AC14: =Q14 -> 12777 | AD14: =IF(AB14="Y",ROUND(AC14*12%,0),0) -> 1533 | AE14: =IF(AB14="Y",ROUND(AC14*12%,0),0) -> 1533 | AF14: =IF(Y14<=21000,"Y","N") -> Y | AG14: =IF(AF14="Y",ROUND(Y14*0.75%,0),0) -> 128 | AH14: =IF(AF14="Y",ROUND(Y14*3.25%,0),0) -> 553 | AI14: =IF(Y14<=10000,0,IF(Y14<=15000,110,IF(Y14<=25000,130,IF(Y14<=40000,150,200)))) -> 130 | AJ14: =Y14-AD14-AG14-AI14 -> 15209 | AK14: =Y14+AE14+AH14 -> 19086
A15: 9 | B15: TC 0024 | C15: RAJARHAT | D15: OFFICE STAFF | E15: PULIN MONDAL | F15: =VLOOKUP(D15,SkillMap,2,0) -> Skilled | G15: =VLOOKUP(F15,MinWageTable,2,0) -> 12777 | H15: 5200 | I15: 3400 | J15: 2900 | K15: 0 | L15: 0 | M15: =SUM(H15:L15) -> 11500 | N15: 0 | O15: =M15+N15 -> 11500 | P15: =MAX(G15,0.5*O15) -> 12777 | Q15: =MAX(H15,P15) -> 12777 | R15: =Q15-H15 -> 7577 | S15: =SUM(I15:L15) -> 6300 | T15: =IF(S15=0,I15,I15-MIN(R15,S15)*(I15/S15)) -> 0 | U15: =IF(S15=0,J15,J15-MIN(R15,S15)*(J15/S15)) -> 0 | V15: =IF(S15=0,K15,K15-MIN(R15,S15)*(K15/S15)) -> 0 | W15: =IF(S15=0,L15,L15-MIN(R15,S15)*(L15/S15)) -> 0 | X15: =Q15+SUM(T15:W15) -> 12777 | Y15: =X15+N15 -> 12777 | Z15: =IF(Y15>O15,"YES","No") -> YES | AA15: =MAX(Y15-O15,0) -> 1277 | AB15: Y | AC15: =Q15 -> 12777 | AD15: =IF(AB15="Y",ROUND(AC15*12%,0),0) -> 1533 | AE15: =IF(AB15="Y",ROUND(AC15*12%,0),0) -> 1533 | AF15: =IF(Y15<=21000,"Y","N") -> Y | AG15: =IF(AF15="Y",ROUND(Y15*0.75%,0),0) -> 96 | AH15: =IF(AF15="Y",ROUND(Y15*3.25%,0),0) -> 415 | AI15: =IF(Y15<=10000,0,IF(Y15<=15000,110,IF(Y15<=25000,130,IF(Y15<=40000,150,200)))) -> 110 | AJ15: =Y15-AD15-AG15-AI15 -> 11038 | AK15: =Y15+AE15+AH15 -> 14725
A16: 10 | B16: TC 0040 | C16: RAJARHAT | D16: OFFICE STAFF | E16: RAJU PAL | F16: =VLOOKUP(D16,SkillMap,2,0) -> Skilled | G16: =VLOOKUP(F16,MinWageTable,2,0) -> 12777 | H16: 7700 | I16: 6600 | J16: 5700 | K16: 0 | L16: 0 | M16: =SUM(H16:L16) -> 20000 | N16: 0 | O16: =M16+N16 -> 20000 | P16: =MAX(G16,0.5*O16) -> 12777 | Q16: =MAX(H16,P16) -> 12777 | R16: =Q16-H16 -> 5077 | S16: =SUM(I16:L16) -> 12300 | T16: =IF(S16=0,I16,I16-MIN(R16,S16)*(I16/S16)) -> 3875.7561 | U16: =IF(S16=0,J16,J16-MIN(R16,S16)*(J16/S16)) -> 3347.2439 | V16: =IF(S16=0,K16,K16-MIN(R16,S16)*(K16/S16)) -> 0 | W16: =IF(S16=0,L16,L16-MIN(R16,S16)*(L16/S16)) -> 0 | X16: =Q16+SUM(T16:W16) -> 20000 | Y16: =X16+N16 -> 20000 | Z16: =IF(Y16>O16,"YES","No") -> No | AA16: =MAX(Y16-O16,0) -> 0 | AB16: Y | AC16: =Q16 -> 12777 | AD16: =IF(AB16="Y",ROUND(AC16*12%,0),0) -> 1533 | AE16: =IF(AB16="Y",ROUND(AC16*12%,0),0) -> 1533 | AF16: =IF(Y16<=21000,"Y","N") -> Y | AG16: =IF(AF16="Y",ROUND(Y16*0.75%,0),0) -> 150 | AH16: =IF(AF16="Y",ROUND(Y16*3.25%,0),0) -> 650 | AI16: =IF(Y16<=10000,0,IF(Y16<=15000,110,IF(Y16<=25000,130,IF(Y16<=40000,150,200)))) -> 130 | AJ16: =Y16-AD16-AG16-AI16 -> 18187 | AK16: =Y16+AE16+AH16 -> 22183
A17: 11 | B17: TC 0032 | C17: RAJARHAT | D17: OFFICE STAFF | E17: UJJAL MUKHERJEE | F17: =VLOOKUP(D17,SkillMap,2,0) -> Skilled | G17: =VLOOKUP(F17,MinWageTable,2,0) -> 12777 | H17: 7600 | I17: 6700 | J17: 5700 | K17: 0 | L17: 0 | M17: =SUM(H17:L17) -> 20000 | N17: 0 | O17: =M17+N17 -> 20000 | P17: =MAX(G17,0.5*O17) -> 12777 | Q17: =MAX(H17,P17) -> 12777 | R17: =Q17-H17 -> 5177 | S17: =SUM(I17:L17) -> 12400 | T17: =IF(S17=0,I17,I17-MIN(R17,S17)*(I17/S17)) -> 3902.75 | U17: =IF(S17=0,J17,J17-MIN(R17,S17)*(J17/S17)) -> 3320.25 | V17: =IF(S17=0,K17,K17-MIN(R17,S17)*(K17/S17)) -> 0 | W17: =IF(S17=0,L17,L17-MIN(R17,S17)*(L17/S17)) -> 0 | X17: =Q17+SUM(T17:W17) -> 20000 | Y17: =X17+N17 -> 20000 | Z17: =IF(Y17>O17,"YES","No") -> No | AA17: =MAX(Y17-O17,0) -> 0 | AB17: Y | AC17: =Q17 -> 12777 | AD17: =IF(AB17="Y",ROUND(AC17*12%,0),0) -> 1533 | AE17: =IF(AB17="Y",ROUND(AC17*12%,0),0) -> 1533 | AF17: =IF(Y17<=21000,"Y","N") -> Y | AG17: =IF(AF17="Y",ROUND(Y17*0.75%,0),0) -> 150 | AH17: =IF(AF17="Y",ROUND(Y17*3.25%,0),0) -> 650 | AI17: =IF(Y17<=10000,0,IF(Y17<=15000,110,IF(Y17<=25000,130,IF(Y17<=40000,150,200)))) -> 130 | AJ17: =Y17-AD17-AG17-AI17 -> 18187 | AK17: =Y17+AE17+AH17 -> 22183
A18: 12 | B18: TC 0271 | C18: RAJARHAT | D18: OFFICE STAFF | E18: PROBIR GHOSH (O) | F18: =VLOOKUP(D18,SkillMap,2,0) -> Skilled | G18: =VLOOKUP(F18,MinWageTable,2,0) -> 12777 | H18: 7560 | I18: 4920 | J18: 4020 | K18: 0 | L18: 0 | M18: =SUM(H18:L18) -> 16500 | N18: 0 | O18: =M18+N18 -> 16500 | P18: =MAX(G18,0.5*O18) -> 12777 | Q18: =MAX(H18,P18) -> 12777 | R18: =Q18-H18 -> 5217 | S18: =SUM(I18:L18) -> 8940 | T18: =IF(S18=0,I18,I18-MIN(R18,S18)*(I18/S18)) -> 2048.8993 | U18: =IF(S18=0,J18,J18-MIN(R18,S18)*(J18/S18)) -> 1674.1007 | V18: =IF(S18=0,K18,K18-MIN(R18,S18)*(K18/S18)) -> 0 | W18: =IF(S18=0,L18,L18-MIN(R18,S18)*(L18/S18)) -> 0 | X18: =Q18+SUM(T18:W18) -> 16500 | Y18: =X18+N18 -> 16500 | Z18: =IF(Y18>O18,"YES","No") -> No | AA18: =MAX(Y18-O18,0) -> 0 | AB18: Y | AC18: =Q18 -> 12777 | AD18: =IF(AB18="Y",ROUND(AC18*12%,0),0) -> 1533 | AE18: =IF(AB18="Y",ROUND(AC18*12%,0),0) -> 1533 | AF18: =IF(Y18<=21000,"Y","N") -> Y | AG18: =IF(AF18="Y",ROUND(Y18*0.75%,0),0) -> 124 | AH18: =IF(AF18="Y",ROUND(Y18*3.25%,0),0) -> 536 | AI18: =IF(Y18<=10000,0,IF(Y18<=15000,110,IF(Y18<=25000,130,IF(Y18<=40000,150,200)))) -> 130 | AJ18: =Y18-AD18-AG18-AI18 -> 14713 | AK18: =Y18+AE18+AH18 -> 18569
... A125: 119 | B125: TC 0404 | C125: HEAD OFFICE | D125: HO OFFICE STAFF | E125: PRALAY SAHA | F125: =VLOOKUP(D125,SkillMap,2,0) -> Skilled | G125: =VLOOKUP(F125,MinWageTable,2,0) -> 12777 | H125: 26000 | I125: 4000 | J125: 0 | K125: 3000 | L125: 3000 | M125: =SUM(H125:L125) -> 36000 | N125: 0 | O125: =M125+N125 -> 36000 | P125: =MAX(G125,0.5*O125) -> 18000 | Q125: =MAX(H125,P125) -> 26000 | R125: =Q125-H125 -> 0 | S125: =SUM(I125:L125) -> 10000 | T125: =IF(S125=0,I125,I125-MIN(R125,S125)*(I125/S125)) -> 4000 | U125: =IF(S125=0,J125,J125-MIN(R125,S125)*(J125/S125)) -> 0 | V125: =IF(S125=0,K125,K125-MIN(R125,S125)*(K125/S125)) -> 3000 | W125: =IF(S125=0,L125,L125-MIN(R125,S125)*(L125/S125)) -> 3000 | X125: =Q125+SUM(T125:W125) -> 36000 | Y125: =X125+N125 -> 36000 | Z125: =IF(Y125>O125,"YES","No") -> No | AA125: =MAX(Y125-O125,0) -> 0 | AB125: N | AC125: =Q125 -> 26000 | AD125: =IF(AB125="Y",ROUND(AC125*12%,0),0) -> 0 | AE125: =IF(AB125="Y",ROUND(AC125*12%,0),0) -> 0 | AF125: =IF(Y125<=21000,"Y","N") -> N | AG125: =IF(AF125="Y",ROUND(Y125*0.75%,0),0) -> 0 | AH125: =IF(AF125="Y",ROUND(Y125*3.25%,0),0) -> 0 | AI125: =IF(Y125<=10000,0,IF(Y125<=15000,110,IF(Y125<=25000,130,IF(Y125<=40000,150,200)))) -> 150 | AJ125: =Y125-AD125-AG125-AI125 -> 35850 | AK125: =Y125+AE125+AH125 -> 36000
E126: TOTAL | H126: =SUM(H7:H125) -> 1681620 | I126: =SUM(I7:I125) -> 380585 | J126: =SUM(J7:J125) -> 230295 | K126: =SUM(K7:K125) -> 84600 | L126: =SUM(L7:L125) -> 74762 | M126: =SUM(M7:M125) -> 2451862 | N126: =SUM(N7:N125) -> 0 | O126: =SUM(O7:O125) -> 2451862 | S126: =SUM(S7:S125) -> 770242 | X126: =SUM(X7:X125) -> 2454170 | Y126: =SUM(Y7:Y125) -> 2454170 | AA126: =SUM(AA7:AA125) -> 2308 | AC126: =SUM(AC7:AC125) -> 1971681 | AD126: =SUM(AD7:AD125) -> 122664 | AE126: =SUM(AE7:AE125) -> 122664 | AG126: =SUM(AG7:AG125) -> 9968 | AH126: =SUM(AH7:AH125) -> 43142 | AI126: =SUM(AI7:AI125) -> 15500 | AJ126: =SUM(AJ7:AJ125) -> 2306038 | AK126: =SUM(AK7:AK125) -> 2619976

Sheet PF Capping Comparison
A1: PF CAPPING COMPARISON — Old vs New (Uncapped) vs New (Capped at ₹15,000 ceiling)
A3: PF amounts shown are PER SIDE (Employee = Employer, both 12% of same wage base in this model). 'Capped' = PF calculated only on first ₹15,000 of Basic (statutory MANDATORY minimum) instead of full Basic.
A6: SL NO | B6: NAME | C6: CATEGORY | D6: PF Applic. | E6: Old Basic | F6: Old PF (per side) | G6: New Basic (Uncapped) | H6: New PF Uncapped (per side) | I6: New Basic Capped @15K | J6: New PF Capped (per side) | K6: Savings if Capped vs Uncapped (per side) | L6: Extra vs OLD if Uncapped (per side) | M6: Extra vs OLD if Capped (per side)
A7: ='Salary Sheet - WB Compliant'!A7 -> 1 | B7: ='Salary Sheet - WB Compliant'!E7 -> ABED ALI | C7: ='Salary Sheet - WB Compliant'!D7 -> OFFICE STAFF | D7: ='Salary Sheet - WB Compliant'!AB7 -> Y | E7: ='Salary Sheet - WB Compliant'!H7 -> 9125 | F7: =IF(D7="Y",ROUND(E7*12%,0),0) -> 1095 | G7: ='Salary Sheet - WB Compliant'!Q7 -> 12777 | H7: ='Salary Sheet - WB Compliant'!AD7 -> 1533 | I7: =MIN(G7,15000) -> 12777 | J7: =IF(D7="Y",ROUND(I7*12%,0),0) -> 1533 | K7: =H7-J7 -> 0 | L7: =H7-F7 -> 438 | M7: =J7-F7 -> 438
A8: ='Salary Sheet - WB Compliant'!A8 -> 2 | B8: ='Salary Sheet - WB Compliant'!E8 -> ABHI MUKHERJEE | C8: ='Salary Sheet - WB Compliant'!D8 -> OFFICE STAFF | D8: ='Salary Sheet - WB Compliant'!AB8 -> Y | E8: ='Salary Sheet - WB Compliant'!H8 -> 11100 | F8: =IF(D8="Y",ROUND(E8*12%,0),0) -> 1332 | G8: ='Salary Sheet - WB Compliant'!Q8 -> 14250 | H8: ='Salary Sheet - WB Compliant'!AD8 -> 1710 | I8: =MIN(G8,15000) -> 14250 | J8: =IF(D8="Y",ROUND(I8*12%,0),0) -> 1710 | K8: =H8-J8 -> 0 | L8: =H8-F8 -> 378 | M8: =J8-F8 -> 378
A9: ='Salary Sheet - WB Compliant'!A9 -> 3 | B9: ='Salary Sheet - WB Compliant'!E9 -> ACHIN GUPTA | C9: ='Salary Sheet - WB Compliant'!D9 -> OFFICE STAFF | D9: ='Salary Sheet - WB Compliant'!AB9 -> Y | E9: ='Salary Sheet - WB Compliant'!H9 -> 11700 | F9: =IF(D9="Y",ROUND(E9*12%,0),0) -> 1404 | G9: ='Salary Sheet - WB Compliant'!Q9 -> 12777 | H9: ='Salary Sheet - WB Compliant'!AD9 -> 1533 | I9: =MIN(G9,15000) -> 12777 | J9: =IF(D9="Y",ROUND(I9*12%,0),0) -> 1533 | K9: =H9-J9 -> 0 | L9: =H9-F9 -> 129 | M9: =J9-F9 -> 129
A10: ='Salary Sheet - WB Compliant'!A10 -> 4 | B10: ='Salary Sheet - WB Compliant'!E10 -> AMIN YADAV (BADRI) | C10: ='Salary Sheet - WB Compliant'!D10 -> OFFICE STAFF | D10: ='Salary Sheet - WB Compliant'!AB10 -> Y | E10: ='Salary Sheet - WB Compliant'!H10 -> 8200 | F10: =IF(D10="Y",ROUND(E10*12%,0),0) -> 984 | G10: ='Salary Sheet - WB Compliant'!Q10 -> 12777 | H10: ='Salary Sheet - WB Compliant'!AD10 -> 1533 | I10: =MIN(G10,15000) -> 12777 | J10: =IF(D10="Y",ROUND(I10*12%,0),0) -> 1533 | K10: =H10-J10 -> 0 | L10: =H10-F10 -> 549 | M10: =J10-F10 -> 549
A11: ='Salary Sheet - WB Compliant'!A11 -> 5 | B11: ='Salary Sheet - WB Compliant'!E11 -> ANOWAR MOLLA | C11: ='Salary Sheet - WB Compliant'!D11 -> OFFICE STAFF | D11: ='Salary Sheet - WB Compliant'!AB11 -> Y | E11: ='Salary Sheet - WB Compliant'!H11 -> 7100 | F11: =IF(D11="Y",ROUND(E11*12%,0),0) -> 852 | G11: ='Salary Sheet - WB Compliant'!Q11 -> 12777 | H11: ='Salary Sheet - WB Compliant'!AD11 -> 1533 | I11: =MIN(G11,15000) -> 12777 | J11: =IF(D11="Y",ROUND(I11*12%,0),0) -> 1533 | K11: =H11-J11 -> 0 | L11: =H11-F11 -> 681 | M11: =J11-F11 -> 681
A12: ='Salary Sheet - WB Compliant'!A12 -> 6 | B12: ='Salary Sheet - WB Compliant'!E12 -> DIBAKAR MONDAL | C12: ='Salary Sheet - WB Compliant'!D12 -> OFFICE STAFF | D12: ='Salary Sheet - WB Compliant'!AB12 -> Y | E12: ='Salary Sheet - WB Compliant'!H12 -> 8600 | F12: =IF(D12="Y",ROUND(E12*12%,0),0) -> 1032 | G12: ='Salary Sheet - WB Compliant'!Q12 -> 12777 | H12: ='Salary Sheet - WB Compliant'!AD12 -> 1533 | I12: =MIN(G12,15000) -> 12777 | J12: =IF(D12="Y",ROUND(I12*12%,0),0) -> 1533 | K12: =H12-J12 -> 0 | L12: =H12-F12 -> 501 | M12: =J12-F12 -> 501
A13: ='Salary Sheet - WB Compliant'!A13 -> 7 | B13: ='Salary Sheet - WB Compliant'!E13 -> GOLAM SARWAR | C13: ='Salary Sheet - WB Compliant'!D13 -> OFFICE STAFF | D13: ='Salary Sheet - WB Compliant'!AB13 -> Y | E13: ='Salary Sheet - WB Compliant'!H13 -> 26000 | F13: =IF(D13="Y",ROUND(E13*12%,0),0) -> 3120 | G13: ='Salary Sheet - WB Compliant'!Q13 -> 26000 | H13: ='Salary Sheet - WB Compliant'!AD13 -> 3120 | I13: =MIN(G13,15000) -> 15000 | J13: =IF(D13="Y",ROUND(I13*12%,0),0) -> 1800 | K13: =H13-J13 -> 1320 | L13: =H13-F13 -> 0 | M13: =J13-F13 -> -1320
A14: ='Salary Sheet - WB Compliant'!A14 -> 8 | B14: ='Salary Sheet - WB Compliant'!E14 -> IMAN ALI MOLLA | C14: ='Salary Sheet - WB Compliant'!D14 -> OFFICE STAFF | D14: ='Salary Sheet - WB Compliant'!AB14 -> Y | E14: ='Salary Sheet - WB Compliant'!H14 -> 8010 | F14: =IF(D14="Y",ROUND(E14*12%,0),0) -> 961 | G14: ='Salary Sheet - WB Compliant'!Q14 -> 12777 | H14: ='Salary Sheet - WB Compliant'!AD14 -> 1533 | I14: =MIN(G14,15000) -> 12777 | J14: =IF(D14="Y",ROUND(I14*12%,0),0) -> 1533 | K14: =H14-J14 -> 0 | L14: =H14-F14 -> 572 | M14: =J14-F14 -> 572
A15: ='Salary Sheet - WB Compliant'!A15 -> 9 | B15: ='Salary Sheet - WB Compliant'!E15 -> PULIN MONDAL | C15: ='Salary Sheet - WB Compliant'!D15 -> OFFICE STAFF | D15: ='Salary Sheet - WB Compliant'!AB15 -> Y | E15: ='Salary Sheet - WB Compliant'!H15 -> 5200 | F15: =IF(D15="Y",ROUND(E15*12%,0),0) -> 624 | G15: ='Salary Sheet - WB Compliant'!Q15 -> 12777 | H15: ='Salary Sheet - WB Compliant'!AD15 -> 1533 | I15: =MIN(G15,15000) -> 12777 | J15: =IF(D15="Y",ROUND(I15*12%,0),0) -> 1533 | K15: =H15-J15 -> 0 | L15: =H15-F15 -> 909 | M15: =J15-F15 -> 909
A16: ='Salary Sheet - WB Compliant'!A16 -> 10 | B16: ='Salary Sheet - WB Compliant'!E16 -> RAJU PAL | C16: ='Salary Sheet - WB Compliant'!D16 -> OFFICE STAFF | D16: ='Salary Sheet - WB Compliant'!AB16 -> Y | E16: ='Salary Sheet - WB Compliant'!H16 -> 7700 | F16: =IF(D16="Y",ROUND(E16*12%,0),0) -> 924 | G16: ='Salary Sheet - WB Compliant'!Q16 -> 12777 | H16: ='Salary Sheet - WB Compliant'!AD16 -> 1533 | I16: =MIN(G16,15000) -> 12777 | J16: =IF(D16="Y",ROUND(I16*12%,0),0) -> 1533 | K16: =H16-J16 -> 0 | L16: =H16-F16 -> 609 | M16: =J16-F16 -> 609
A17: ='Salary Sheet - WB Compliant'!A17 -> 11 | B17: ='Salary Sheet - WB Compliant'!E17 -> UJJAL MUKHERJEE | C17: ='Salary Sheet - WB Compliant'!D17 -> OFFICE STAFF | D17: ='Salary Sheet - WB Compliant'!AB17 -> Y | E17: ='Salary Sheet - WB Compliant'!H17 -> 7600 | F17: =IF(D17="Y",ROUND(E17*12%,0),0) -> 912 | G17: ='Salary Sheet - WB Compliant'!Q17 -> 12777 | H17: ='Salary Sheet - WB Compliant'!AD17 -> 1533 | I17: =MIN(G17,15000) -> 12777 | J17: =IF(D17="Y",ROUND(I17*12%,0),0) -> 1533 | K17: =H17-J17 -> 0 | L17: =H17-F17 -> 621 | M17: =J17-F17 -> 621
A18: ='Salary Sheet - WB Compliant'!A18 -> 12 | B18: ='Salary Sheet - WB Compliant'!E18 -> PROBIR GHOSH (O) | C18: ='Salary Sheet - WB Compliant'!D18 -> OFFICE STAFF | D18: ='Salary Sheet - WB Compliant'!AB18 -> Y | E18: ='Salary Sheet - WB Compliant'!H18 -> 7560 | F18: =IF(D18="Y",ROUND(E18*12%,0),0) -> 907 | G18: ='Salary Sheet - WB Compliant'!Q18 -> 12777 | H18: ='Salary Sheet - WB Compliant'!AD18 -> 1533 | I18: =MIN(G18,15000) -> 12777 | J18: =IF(D18="Y",ROUND(I18*12%,0),0) -> 1533 | K18: =H18-J18 -> 0 | L18: =H18-F18 -> 626 | M18: =J18-F18 -> 626
... A125: ='Salary Sheet - WB Compliant'!A125 -> 119 | B125: ='Salary Sheet - WB Compliant'!E125 -> PRALAY SAHA | C125: ='Salary Sheet - WB Compliant'!D125 -> HO OFFICE STAFF | D125: ='Salary Sheet - WB Compliant'!AB125 -> N | E125: ='Salary Sheet - WB Compliant'!H125 -> 26000 | F125: =IF(D125="Y",ROUND(E125*12%,0),0) -> 0 | G125: ='Salary Sheet - WB Compliant'!Q125 -> 26000 | H125: ='Salary Sheet - WB Compliant'!AD125 -> 0 | I125: =MIN(G125,15000) -> 15000 | J125: =IF(D125="Y",ROUND(I125*12%,0),0) -> 0 | K125: =H125-J125 -> 0 | L125: =H125-F125 -> 0 | M125: =J125-F125 -> 0
B126: TOTAL (per side) | F126: =SUM(F7:F125) -> 87867 | H126: =SUM(H7:H125) -> 122664 | J126: =SUM(J7:J125) -> 116196 | K126: =SUM(K7:K125) -> 6468 | L126: =SUM(L7:L125) -> 34797 | M126: =SUM(M7:M125) -> 28329
B128: Company-wide PF Impact Summary
B129: Total Monthly PF — OLD sheet (per side) | F129: =F126 -> 87867
B130: Total Monthly PF — NEW, Uncapped (per side) | F130: =H126 -> 122664
B131: Total Monthly PF — NEW, Capped @ ₹15,000 (per side) | F131: =J126 -> 116196
B132: Extra Employer PF Cost — Uncapped vs OLD (monthly) | F132: =H126-F126 -> 34797
B133: Extra Employer PF Cost — Capped vs OLD (monthly) | F133: =J126-F126 -> 28329
B134: Cost SAVED by Capping (vs staying Uncapped), monthly | F134: =H126-J126 -> 6468
B135: Cost SAVED by Capping (vs staying Uncapped), ANNUAL | F135: =(H126-J126)*12 -> 77616
B137: Note: Capping reduces the EMPLOYEE's own PF build-up too. For existing higher-wage PF members, reducing the base unilaterally may not be permitted — this option is realistically only clean for employees newly adjusted here.

Sheet ESI Impact Comparison
A1: ESI IMPACT COMPARISON — Old Coverage/Cost vs New Coverage/Cost (₹21,000 gross ceiling, unchanged)
A3: ESI is all-or-nothing based on Gross ≤ ₹21,000/month. Where the revised Gross moves an employee across this line, coverage status changes — this sheet flags exactly who, and the resulting cost shift.
A6: SL NO | B6: NAME | C6: CATEGORY | D6: Old Gross | E6: Old ESI Applic. | F6: Old ESI Employee | G6: Old ESI Employer | H6: New Gross | I6: New ESI Applic. | J6: New ESI Employee | K6: New ESI Employer | L6: Coverage Changed? | M6: Extra Employer ESI Cost
A7: ='Salary Sheet - WB Compliant'!A7 -> 1 | B7: ='Salary Sheet - WB Compliant'!E7 -> ABED ALI | C7: ='Salary Sheet - WB Compliant'!D7 -> OFFICE STAFF | D7: ='Salary Sheet - WB Compliant'!O7 -> 20000 | E7: =IF(D7<=21000,"Y","N") -> Y | F7: =IF(E7="Y",ROUND(D7*0.75%,0),0) -> 150 | G7: =IF(E7="Y",ROUND(D7*3.25%,0),0) -> 650 | H7: ='Salary Sheet - WB Compliant'!Y7 -> 20000 | I7: ='Salary Sheet - WB Compliant'!AF7 -> Y | J7: ='Salary Sheet - WB Compliant'!AG7 -> 150 | K7: ='Salary Sheet - WB Compliant'!AH7 -> 650 | L7: =IF(E7<>I7,"YES","No") -> No | M7: =K7-G7 -> 0
A8: ='Salary Sheet - WB Compliant'!A8 -> 2 | B8: ='Salary Sheet - WB Compliant'!E8 -> ABHI MUKHERJEE | C8: ='Salary Sheet - WB Compliant'!D8 -> OFFICE STAFF | D8: ='Salary Sheet - WB Compliant'!O8 -> 28500 | E8: =IF(D8<=21000,"Y","N") -> N | F8: =IF(E8="Y",ROUND(D8*0.75%,0),0) -> 0 | G8: =IF(E8="Y",ROUND(D8*3.25%,0),0) -> 0 | H8: ='Salary Sheet - WB Compliant'!Y8 -> 28500 | I8: ='Salary Sheet - WB Compliant'!AF8 -> N | J8: ='Salary Sheet - WB Compliant'!AG8 -> 0 | K8: ='Salary Sheet - WB Compliant'!AH8 -> 0 | L8: =IF(E8<>I8,"YES","No") -> No | M8: =K8-G8 -> 0
A9: ='Salary Sheet - WB Compliant'!A9 -> 3 | B9: ='Salary Sheet - WB Compliant'!E9 -> ACHIN GUPTA | C9: ='Salary Sheet - WB Compliant'!D9 -> OFFICE STAFF | D9: ='Salary Sheet - WB Compliant'!O9 -> 22500 | E9: =IF(D9<=21000,"Y","N") -> N | F9: =IF(E9="Y",ROUND(D9*0.75%,0),0) -> 0 | G9: =IF(E9="Y",ROUND(D9*3.25%,0),0) -> 0 | H9: ='Salary Sheet - WB Compliant'!Y9 -> 22500 | I9: ='Salary Sheet - WB Compliant'!AF9 -> N | J9: ='Salary Sheet - WB Compliant'!AG9 -> 0 | K9: ='Salary Sheet - WB Compliant'!AH9 -> 0 | L9: =IF(E9<>I9,"YES","No") -> No | M9: =K9-G9 -> 0
A10: ='Salary Sheet - WB Compliant'!A10 -> 4 | B10: ='Salary Sheet - WB Compliant'!E10 -> AMIN YADAV (BADRI) | C10: ='Salary Sheet - WB Compliant'!D10 -> OFFICE STAFF | D10: ='Salary Sheet - WB Compliant'!O10 -> 24500 | E10: =IF(D10<=21000,"Y","N") -> N | F10: =IF(E10="Y",ROUND(D10*0.75%,0),0) -> 0 | G10: =IF(E10="Y",ROUND(D10*3.25%,0),0) -> 0 | H10: ='Salary Sheet - WB Compliant'!Y10 -> 24500 | I10: ='Salary Sheet - WB Compliant'!AF10 -> N | J10: ='Salary Sheet - WB Compliant'!AG10 -> 0 | K10: ='Salary Sheet - WB Compliant'!AH10 -> 0 | L10: =IF(E10<>I10,"YES","No") -> No | M10: =K10-G10 -> 0
A11: ='Salary Sheet - WB Compliant'!A11 -> 5 | B11: ='Salary Sheet - WB Compliant'!E11 -> ANOWAR MOLLA | C11: ='Salary Sheet - WB Compliant'!D11 -> OFFICE STAFF | D11: ='Salary Sheet - WB Compliant'!O11 -> 14000 | E11: =IF(D11<=21000,"Y","N") -> Y | F11: =IF(E11="Y",ROUND(D11*0.75%,0),0) -> 105 | G11: =IF(E11="Y",ROUND(D11*3.25%,0),0) -> 455 | H11: ='Salary Sheet - WB Compliant'!Y11 -> 14000 | I11: ='Salary Sheet - WB Compliant'!AF11 -> Y | J11: ='Salary Sheet - WB Compliant'!AG11 -> 105 | K11: ='Salary Sheet - WB Compliant'!AH11 -> 455 | L11: =IF(E11<>I11,"YES","No") -> No | M11: =K11-G11 -> 0
A12: ='Salary Sheet - WB Compliant'!A12 -> 6 | B12: ='Salary Sheet - WB Compliant'!E12 -> DIBAKAR MONDAL | C12: ='Salary Sheet - WB Compliant'!D12 -> OFFICE STAFF | D12: ='Salary Sheet - WB Compliant'!O12 -> 18000 | E12: =IF(D12<=21000,"Y","N") -> Y | F12: =IF(E12="Y",ROUND(D12*0.75%,0),0) -> 135 | G12: =IF(E12="Y",ROUND(D12*3.25%,0),0) -> 585 | H12: ='Salary Sheet - WB Compliant'!Y12 -> 18000 | I12: ='Salary Sheet - WB Compliant'!AF12 -> Y | J12: ='Salary Sheet - WB Compliant'!AG12 -> 135 | K12: ='Salary Sheet - WB Compliant'!AH12 -> 585 | L12: =IF(E12<>I12,"YES","No") -> No | M12: =K12-G12 -> 0
A13: ='Salary Sheet - WB Compliant'!A13 -> 7 | B13: ='Salary Sheet - WB Compliant'!E13 -> GOLAM SARWAR | C13: ='Salary Sheet - WB Compliant'!D13 -> OFFICE STAFF | D13: ='Salary Sheet - WB Compliant'!O13 -> 26000 | E13: =IF(D13<=21000,"Y","N") -> N | F13: =IF(E13="Y",ROUND(D13*0.75%,0),0) -> 0 | G13: =IF(E13="Y",ROUND(D13*3.25%,0),0) -> 0 | H13: ='Salary Sheet - WB Compliant'!Y13 -> 26000 | I13: ='Salary Sheet - WB Compliant'!AF13 -> N | J13: ='Salary Sheet - WB Compliant'!AG13 -> 0 | K13: ='Salary Sheet - WB Compliant'!AH13 -> 0 | L13: =IF(E13<>I13,"YES","No") -> No | M13: =K13-G13 -> 0
A14: ='Salary Sheet - WB Compliant'!A14 -> 8 | B14: ='Salary Sheet - WB Compliant'!E14 -> IMAN ALI MOLLA | C14: ='Salary Sheet - WB Compliant'!D14 -> OFFICE STAFF | D14: ='Salary Sheet - WB Compliant'!O14 -> 17000 | E14: =IF(D14<=21000,"Y","N") -> Y | F14: =IF(E14="Y",ROUND(D14*0.75%,0),0) -> 128 | G14: =IF(E14="Y",ROUND(D14*3.25%,0),0) -> 553 | H14: ='Salary Sheet - WB Compliant'!Y14 -> 17000 | I14: ='Salary Sheet - WB Compliant'!AF14 -> Y | J14: ='Salary Sheet - WB Compliant'!AG14 -> 128 | K14: ='Salary Sheet - WB Compliant'!AH14 -> 553 | L14: =IF(E14<>I14,"YES","No") -> No | M14: =K14-G14 -> 0
A15: ='Salary Sheet - WB Compliant'!A15 -> 9 | B15: ='Salary Sheet - WB Compliant'!E15 -> PULIN MONDAL | C15: ='Salary Sheet - WB Compliant'!D15 -> OFFICE STAFF | D15: ='Salary Sheet - WB Compliant'!O15 -> 11500 | E15: =IF(D15<=21000,"Y","N") -> Y | F15: =IF(E15="Y",ROUND(D15*0.75%,0),0) -> 86 | G15: =IF(E15="Y",ROUND(D15*3.25%,0),0) -> 374 | H15: ='Salary Sheet - WB Compliant'!Y15 -> 12777 | I15: ='Salary Sheet - WB Compliant'!AF15 -> Y | J15: ='Salary Sheet - WB Compliant'!AG15 -> 96 | K15: ='Salary Sheet - WB Compliant'!AH15 -> 415 | L15: =IF(E15<>I15,"YES","No") -> No | M15: =K15-G15 -> 41
A16: ='Salary Sheet - WB Compliant'!A16 -> 10 | B16: ='Salary Sheet - WB Compliant'!E16 -> RAJU PAL | C16: ='Salary Sheet - WB Compliant'!D16 -> OFFICE STAFF | D16: ='Salary Sheet - WB Compliant'!O16 -> 20000 | E16: =IF(D16<=21000,"Y","N") -> Y | F16: =IF(E16="Y",ROUND(D16*0.75%,0),0) -> 150 | G16: =IF(E16="Y",ROUND(D16*3.25%,0),0) -> 650 | H16: ='Salary Sheet - WB Compliant'!Y16 -> 20000 | I16: ='Salary Sheet - WB Compliant'!AF16 -> Y | J16: ='Salary Sheet - WB Compliant'!AG16 -> 150 | K16: ='Salary Sheet - WB Compliant'!AH16 -> 650 | L16: =IF(E16<>I16,"YES","No") -> No | M16: =K16-G16 -> 0
A17: ='Salary Sheet - WB Compliant'!A17 -> 11 | B17: ='Salary Sheet - WB Compliant'!E17 -> UJJAL MUKHERJEE | C17: ='Salary Sheet - WB Compliant'!D17 -> OFFICE STAFF | D17: ='Salary Sheet - WB Compliant'!O17 -> 20000 | E17: =IF(D17<=21000,"Y","N") -> Y | F17: =IF(E17="Y",ROUND(D17*0.75%,0),0) -> 150 | G17: =IF(E17="Y",ROUND(D17*3.25%,0),0) -> 650 | H17: ='Salary Sheet - WB Compliant'!Y17 -> 20000 | I17: ='Salary Sheet - WB Compliant'!AF17 -> Y | J17: ='Salary Sheet - WB Compliant'!AG17 -> 150 | K17: ='Salary Sheet - WB Compliant'!AH17 -> 650 | L17: =IF(E17<>I17,"YES","No") -> No | M17: =K17-G17 -> 0
A18: ='Salary Sheet - WB Compliant'!A18 -> 12 | B18: ='Salary Sheet - WB Compliant'!E18 -> PROBIR GHOSH (O) | C18: ='Salary Sheet - WB Compliant'!D18 -> OFFICE STAFF | D18: ='Salary Sheet - WB Compliant'!O18 -> 16500 | E18: =IF(D18<=21000,"Y","N") -> Y | F18: =IF(E18="Y",ROUND(D18*0.75%,0),0) -> 124 | G18: =IF(E18="Y",ROUND(D18*3.25%,0),0) -> 536 | H18: ='Salary Sheet - WB Compliant'!Y18 -> 16500 | I18: ='Salary Sheet - WB Compliant'!AF18 -> Y | J18: ='Salary Sheet - WB Compliant'!AG18 -> 124 | K18: ='Salary Sheet - WB Compliant'!AH18 -> 536 | L18: =IF(E18<>I18,"YES","No") -> No | M18: =K18-G18 -> 0
... A125: ='Salary Sheet - WB Compliant'!A125 -> 119 | B125: ='Salary Sheet - WB Compliant'!E125 -> PRALAY SAHA | C125: ='Salary Sheet - WB Compliant'!D125 -> HO OFFICE STAFF | D125: ='Salary Sheet - WB Compliant'!O125 -> 36000 | E125: =IF(D125<=21000,"Y","N") -> N | F125: =IF(E125="Y",ROUND(D125*0.75%,0),0) -> 0 | G125: =IF(E125="Y",ROUND(D125*3.25%,0),0) -> 0 | H125: ='Salary Sheet - WB Compliant'!Y125 -> 36000 | I125: ='Salary Sheet - WB Compliant'!AF125 -> N | J125: ='Salary Sheet - WB Compliant'!AG125 -> 0 | K125: ='Salary Sheet - WB Compliant'!AH125 -> 0 | L125: =IF(E125<>I125,"YES","No") -> No | M125: =K125-G125 -> 0
B126: TOTAL | F126: =SUM(F7:F125) -> 9951 | G126: =SUM(G7:G125) -> 43068 | J126: =SUM(J7:J125) -> 9968 | K126: =SUM(K7:K125) -> 43142 | M126: =SUM(M7:M125) -> 74
B128: Company-wide ESI Impact Summary
B129: Employees whose ESI coverage status changed | F129: =COUNTIF(L7:L125,"YES") -> 0
B130: Total Monthly ESI Employer Cost — OLD | F130: =G126 -> 43068
B131: Total Monthly ESI Employer Cost — NEW | F131: =K126 -> 43142
B132: Extra Employer ESI Cost (monthly) | F132: =K126-G126 -> 74
B133: Extra Employer ESI Cost (ANNUAL) | F133: =(K126-G126)*12 -> 888

Sheet Skill Mapping
A1: SKILL-LEVEL MAPPING — Category to Minimum-Wage Skill Level (editable, confirm with labour consultant)
B3: Job Category | C3: Mapped Skill Level | D3: Basis / Note
B4: OFFICE STAFF | C4: Skilled | D4: General clerical/admin work; senior roles may warrant Highly Skilled — review individually
B5: HO OFFICE STAFF | C5: Skilled | D5: Head Office admin/accounts staff; senior/managerial roles may warrant Highly Skilled
B6: DRIVER | C6: Semi-Skilled | D6: Light/medium commercial vehicle driving — heavy-vehicle drivers may be Skilled in some schedules
B7: HELPER | C7: Unskilled | D7: General manual/helper work
B8: LAB TECHNICIAN | C8: Skilled | D8: Requires technical/testing knowledge
B9: HOPPER | C9: Semi-Skilled | D9: Machine/material-feeding operator role
B10: OTHERS | C10: Skilled | D10: e.g. JCB/excavator operator — specialised equipment operation
B13: IMPORTANT: this mapping is an editable ASSUMPTION based on job-title alone. Confirm actual skill classification against the WB scheduled-employment notification applicable to your industry, and each employee's actual qualification/duties.

Sheet Min Wages (WB Zone A)
A1: WEST BENGAL MINIMUM WAGES — Zone A
B3: Zone A = Municipal Corporations / Municipalities / Notified Areas / Development Authorities / Thermal Power Plant-Township areas
B5: Skill Level | C5: Monthly Rate (₹) | D5: Daily Rate (₹)
B6: Unskilled | C6: 10558 | D6: 406
B7: Semi-Skilled | C7: 11615 | D7: 447
B8: Skilled | C8: 12777 | D8: 491
B9: Highly Skilled | C9: 14054 | D9: 541
B12: Note: verify against the latest WB Labour Dept gazette before running payroll.
